CustomerID,Cluster
C10001,1
C10002,2
C10003,1
C10004,1
C10005,1
C10006,1
C10007,0
C10008,1
C10009,1
C10010,1
C10011,1
C10012,1
C10013,0
C10014,1
C10015,1
C10016,2
C10017,1
C10018,1
C10019,1
C10020,1
C10021,1
C10022,0
C10023,1
C10024,2
C10025,2
C10026,1
C10027,1
C10028,1
C10029,2
C10030,1
C10031,2
C10032,1
C10033,2
C10034,1
C10035,0
C10036,1
C10037,2
C10038,0
C10039,2
C10040,2
C10041,1
C10043,1
C10044,1
C10045,1
C10046,0
C10047,1
C10048,1
C10049,2
C10050,0
C10051,1
C10052,2
C10053,1
C10054,1
C10055,1
C10056,1
C10057,1
C10058,2
C10059,0
C10060,1
C10061,2
C10062,1
C10063,1
C10064,2
C10065,1
C10067,0
C10068,1
C10069,1
C10070,1
C10071,1
C10072,1
C10073,2
C10074,2
C10075,1
C10077,1
C10078,1
C10079,1
C10080,0
C10081,1
C10082,1
C10083,2
C10084,1
C10085,1
C10086,1
C10087,1
C10088,0
C10089,0
C10090,2
C10092,2
C10093,1
C10094,2
C10095,0
C10096,2
C10097,1
C10098,1
C10099,1
C10100,1
C10101,1
C10102,2
C10103,1
C10104,1
C10105,1
C10106,1
C10107,0
C10108,1
C10109,1
C10110,1
C10111,1
C10112,2
C10113,1
C10114,0
C10115,1
C10116,1
C10117,0
C10118,2
C10119,1
C10120,1
C10121,1
C10122,1
C10123,1
C10124,1
C10125,0
C10126,1
C10127,0
C10128,1
C10130,2
C10131,0
C10132,1
C10133,1
C10134,2
C10135,1
C10136,1
C10137,1
C10138,1
C10139,2
C10140,1
C10141,1
C10142,0
C10143,1
C10144,0
C10145,1
C10146,1
C10147,1
C10148,2
C10149,0
C10150,0
C10151,1
C10152,1
C10153,1
C10154,1
C10155,1
C10156,0
C10157,0
C10158,1
C10159,0
C10160,0
C10161,1
C10162,2
C10163,1
C10164,0
C10165,1
C10166,2
C10167,1
C10168,1
C10169,1
C10170,1
C10171,1
C10172,1
C10173,0
C10174,1
C10175,1
C10176,1
C10177,0
C10178,1
C10179,2
C10180,0
C10181,1
C10182,1
C10183,2
C10184,0
C10185,1
C10186,0
C10187,1
C10188,2
C10189,1
C10190,1
C10191,1
C10192,1
C10193,1
C10194,1
C10196,1
C10197,1
C10198,1
C10199,1
C10200,1
C10201,1
C10202,0
C10203,0
C10204,0
C10205,1
C10206,2
C10207,1
C10208,1
C10209,1
C10211,2
C10212,0
C10213,1
C10214,2
C10215,2
C10216,2
C10217,1
C10218,2
C10219,1
C10220,1
C10221,1
C10222,1
C10223,1
C10224,1
C10226,1
C10227,2
C10228,0
C10229,0
C10230,0
C10231,1
C10232,0
C10233,0
C10234,1
C10235,0
C10236,0
C10237,1
C10238,0
C10239,1
C10240,0
C10241,1
C10242,1
C10243,0
C10244,1
C10245,2
C10246,1
C10247,1
C10248,1
C10249,2
C10250,1
C10251,0
C10252,1
C10253,0
C10254,1
C10255,0
C10256,1
C10257,2
C10258,0
C10259,2
C10260,1
C10261,1
C10262,0
C10263,2
C10265,1
C10266,1
C10267,0
C10269,0
C10270,1
C10271,1
C10272,0
C10273,0
C10274,0
C10275,1
C10276,0
C10277,0
C10278,1
C10279,1
C10280,0
C10281,0
C10282,2
C10283,0
C10284,0
C10285,2
C10286,1
C10287,1
C10288,1
C10289,1
C10290,1
C10291,0
C10292,1
C10293,1
C10294,0
C10295,1
C10296,2
C10297,1
C10298,1
C10299,1
C10300,2
C10301,0
C10302,2
C10303,1
C10304,2
C10305,1
C10306,0
C10307,1
C10308,2
C10309,1
C10310,1
C10311,2
C10312,0
C10313,2
C10314,1
C10315,2
C10316,0
C10317,0
C10318,1
C10319,1
C10320,1
C10321,0
C10322,0
C10323,0
C10324,1
C10325,1
C10326,1
C10327,2
C10328,1
C10329,1
C10330,1
C10331,2
C10332,2
C10333,2
C10334,1
C10335,2
C10336,1
C10337,0
C10338,1
C10339,1
C10340,0
C10341,1
C10342,1
C10343,0
C10344,0
C10345,2
C10346,2
C10347,1
C10348,0
C10349,1
C10350,1
C10351,1
C10352,2
C10353,1
C10354,1
C10355,0
C10356,1
C10357,1
C10358,1
C10359,2
C10360,1
C10361,1
C10362,0
C10364,2
C10365,1
C10366,1
C10367,0
C10368,0
C10369,2
C10370,1
C10371,1
C10372,1
C10373,1
C10374,1
C10375,0
C10376,1
C10377,1
C10378,1
C10379,0
C10380,2
C10381,2
C10382,0
C10383,2
C10384,1
C10385,0
C10386,1
C10387,1
C10388,0
C10389,1
C10390,1
C10391,1
C10392,2
C10393,1
C10395,1
C10396,1
C10397,0
C10398,1
C10399,1
C10400,2
C10402,1
C10403,1
C10404,1
C10405,1
C10406,1
C10407,0
C10408,1
C10409,1
C10410,1
C10411,1
C10412,2
C10413,1
C10414,1
C10415,1
C10416,2
C10417,0
C10419,2
C10420,1
C10421,1
C10422,1
C10423,2
C10424,1
C10425,1
C10426,0
C10427,1
C10428,2
C10429,1
C10430,0
C10431,2
C10432,0
C10433,1
C10434,1
C10435,1
C10436,1
C10437,2
C10438,0
C10439,2
C10441,1
C10442,1
C10443,1
C10444,2
C10445,2
C10446,2
C10447,2
C10448,1
C10449,2
C10450,1
C10451,2
C10452,1
C10453,0
C10454,1
C10455,2
C10456,1
C10457,2
C10458,1
C10459,1
C10460,0
C10461,0
C10462,1
C10463,1
C10466,1
C10467,1
C10468,1
C10469,0
C10470,0
C10471,2
C10472,1
C10473,1
C10474,1
C10475,1
C10476,1
C10477,0
C10478,0
C10480,0
C10481,1
C10482,1
C10483,1
C10484,2
C10485,0
C10486,1
C10487,0
C10488,1
C10489,2
C10490,2
C10491,0
C10492,1
C10493,1
C10494,1
C10495,1
C10497,0
C10498,1
C10501,1
C10502,1
C10503,0
C10504,2
C10505,1
C10506,0
C10507,0
C10508,2
C10509,0
C10510,2
C10511,0
C10512,0
C10513,2
C10514,0
C10515,1
C10516,1
C10517,2
C10518,1
C10519,2
C10520,1
C10521,1
C10522,1
C10523,0
C10524,1
C10525,1
C10526,1
C10527,1
C10528,1
C10529,0
C10530,1
C10532,0
C10533,1
C10534,0
C10535,2
C10536,1
C10537,0
C10538,0
C10539,1
C10540,1
C10542,1
C10543,1
C10544,2
C10545,0
C10546,1
C10547,1
C10548,0
C10549,1
C10550,2
C10551,2
C10552,1
C10553,1
C10554,1
C10555,0
C10556,1
C10557,1
C10558,0
C10559,1
C10560,0
C10561,2
C10562,1
C10563,2
C10564,1
C10565,1
C10566,2
C10567,1
C10568,0
C10569,0
C10570,0
C10571,1
C10572,0
C10573,1
C10574,0
C10575,0
C10576,2
C10577,1
C10578,2
C10579,1
C10580,1
C10581,2
C10582,2
C10583,1
C10584,0
C10585,1
C10586,1
C10587,0
C10588,1
C10589,0
C10590,1
C10591,0
C10592,1
C10593,2
C10594,1
C10595,2
C10596,1
C10597,1
C10598,0
C10599,1
C10600,2
C10601,2
C10602,1
C10603,1
C10604,2
C10605,0
C10606,2
C10607,2
C10608,0
C10609,0
C10610,1
C10611,0
C10612,1
C10613,2
C10615,1
C10616,0
C10617,1
C10618,2
C10619,1
C10620,1
C10621,1
C10622,0
C10623,0
C10624,1
C10625,2
C10626,1
C10627,2
C10628,1
C10629,1
C10630,1
C10631,2
C10632,1
C10633,2
C10634,0
C10635,2
C10636,1
C10637,0
C10638,0
C10639,1
C10640,2
C10641,0
C10642,1
C10643,1
C10644,0
C10645,0
C10646,1
C10647,0
C10648,1
C10649,0
C10650,1
C10651,1
C10652,1
C10653,0
C10654,0
C10655,1
C10656,1
C10657,1
C10658,2
C10659,2
C10660,1
C10661,1
C10662,2
C10663,1
C10665,0
C10666,0
C10667,2
C10668,0
C10669,0
C10670,0
C10671,0
C10672,2
C10673,0
C10674,2
C10675,1
C10676,1
C10677,0
C10678,0
C10679,1
C10680,1
C10681,0
C10682,0
C10683,1
C10684,0
C10685,1
C10686,1
C10688,0
C10689,0
C10690,1
C10691,0
C10692,1
C10693,1
C10694,1
C10695,0
C10696,0
C10697,1
C10698,2
C10699,0
C10700,1
C10701,2
C10702,1
C10703,2
C10704,0
C10705,1
C10706,2
C10707,1
C10708,2
C10709,1
C10710,1
C10711,1
C10712,1
C10713,1
C10714,1
C10715,1
C10716,1
C10717,0
C10718,1
C10719,1
C10720,0
C10721,1
C10722,1
C10723,2
C10724,1
C10725,0
C10726,1
C10727,2
C10728,1
C10729,2
C10730,1
C10731,0
C10732,1
C10733,1
C10734,2
C10735,0
C10736,0
C10737,2
C10738,1
C10739,0
C10740,1
C10741,1
C10742,2
C10743,2
C10744,1
C10745,1
C10746,1
C10747,1
C10748,2
C10749,1
C10750,2
C10751,1
C10752,0
C10753,0
C10754,2
C10755,1
C10756,0
C10757,1
C10758,1
C10759,2
C10760,0
C10761,0
C10762,2
C10763,1
C10764,1
C10765,1
C10766,2
C10767,1
C10768,1
C10769,2
C10770,2
C10771,1
C10772,1
C10773,1
C10774,1
C10775,1
C10776,0
C10777,2
C10779,1
C10780,2
C10781,2
C10782,2
C10783,2
C10784,2
C10785,2
C10786,1
C10787,0
C10788,2
C10789,1
C10790,2
C10791,2
C10792,1
C10793,1
C10794,1
C10795,1
C10796,2
C10797,0
C10798,1
C10799,0
C10800,1
C10801,1
C10803,1
C10804,1
C10805,0
C10806,0
C10807,1
C10808,0
C10809,2
C10810,1
C10811,0
C10812,0
C10813,1
C10814,1
C10815,2
C10816,1
C10817,2
C10818,2
C10819,1
C10820,1
C10821,2
C10822,1
C10823,1
C10824,1
C10825,1
C10826,1
C10827,1
C10828,1
C10829,2
C10830,0
C10831,1
C10832,2
C10833,1
C10834,1
C10835,0
C10836,0
C10837,1
C10838,1
C10839,2
C10840,1
C10841,2
C10843,1
C10844,1
C10845,1
C10846,1
C10847,1
C10848,1
C10849,1
C10850,1
C10852,1
C10853,1
C10854,1
C10855,0
C10856,1
C10857,2
C10858,1
C10859,1
C10860,2
C10861,2
C10862,1
C10863,1
C10864,1
C10865,1
C10866,1
C10867,1
C10868,1
C10869,1
C10870,1
C10871,0
C10872,2
C10873,2
C10874,2
C10875,0
C10876,2
C10877,1
C10878,1
C10879,2
C10880,1
C10881,1
C10882,2
C10883,1
C10884,2
C10885,0
C10886,1
C10887,0
C10888,0
C10889,1
C10890,1
C10891,1
C10892,0
C10893,1
C10894,1
C10895,1
C10896,2
C10897,2
C10898,2
C10899,1
C10900,1
C10901,2
C10902,0
C10903,1
C10904,2
C10905,1
C10906,1
C10907,1
C10908,1
C10909,2
C10910,1
C10911,2
C10912,1
C10913,2
C10914,2
C10915,1
C10916,1
C10917,0
C10918,0
C10919,1
C10920,0
C10921,1
C10922,0
C10923,1
C10924,2
C10925,0
C10926,0
C10927,1
C10928,1
C10929,2
C10930,1
C10931,1
C10932,1
C10933,2
C10934,2
C10935,1
C10936,1
C10937,1
C10939,1
C10940,1
C10941,2
C10942,2
C10943,1
C10944,1
C10945,1
C10946,1
C10947,1
C10949,0
C10950,0
C10951,1
C10952,0
C10953,1
C10954,1
C10955,2
C10956,1
C10957,2
C10958,1
C10959,0
C10960,1
C10961,2
C10962,1
C10963,1
C10965,1
C10966,1
C10967,2
C10968,1
C10969,1
C10970,1
C10971,1
C10972,0
C10973,2
C10974,1
C10975,0
C10976,2
C10977,2
C10978,1
C10979,1
C10980,1
C10981,1
C10982,1
C10983,1
C10984,1
C10985,1
C10986,0
C10987,1
C10988,1
C10989,1
C10990,1
C10991,1
C10992,1
C10993,1
C10994,0
C10995,2
C10996,2
C10997,1
C10998,1
C10999,1
C11000,1
C11001,0
C11002,1
C11003,2
C11004,0
C11005,0
C11006,1
C11007,2
C11008,1
C11009,0
C11010,0
C11011,2
C11012,1
C11013,1
C11014,1
C11015,0
C11016,0
C11017,1
C11018,2
C11019,1
C11020,1
C11021,1
C11022,0
C11023,2
C11024,0
C11025,0
C11026,1
C11027,1
C11028,1
C11029,1
C11030,1
C11031,1
C11032,1
C11033,1
C11034,1
C11035,1
C11036,1
C11038,1
C11039,1
C11040,0
C11041,1
C11042,2
C11043,1
C11044,1
C11045,0
C11046,1
C11047,2
C11048,1
C11049,1
C11050,1
C11051,1
C11052,2
C11053,1
C11054,0
C11055,1
C11056,1
C11057,1
C11058,1
C11059,1
C11060,1
C11061,1
C11062,1
C11063,1
C11064,2
C11065,2
C11066,0
C11067,2
C11068,2
C11069,1
C11070,2
C11071,1
C11072,2
C11073,1
C11074,1
C11075,1
C11076,2
C11077,2
C11078,1
C11079,1
C11080,1
C11081,1
C11082,0
C11083,1
C11084,1
C11085,2
C11086,1
C11087,1
C11088,0
C11089,1
C11090,1
C11091,1
C11092,1
C11093,0
C11094,2
C11095,1
C11096,0
C11097,1
C11098,2
C11099,1
C11100,1
C11101,1
C11102,1
C11103,2
C11104,1
C11105,1
C11106,1
C11107,1
C11108,1
C11109,1
C11110,1
C11111,2
C11112,1
C11113,1
C11114,0
C11115,1
C11116,1
C11117,1
C11118,1
C11119,0
C11120,1
C11121,2
C11122,0
C11123,2
C11124,2
C11125,1
C11126,2
C11128,1
C11129,1
C11130,1
C11131,1
C11132,2
C11133,1
C11134,0
C11135,1
C11136,2
C11137,1
C11138,1
C11139,0
C11140,2
C11141,1
C11142,1
C11143,1
C11145,2
C11146,1
C11148,2
C11149,1
C11150,1
C11151,1
C11152,2
C11153,1
C11154,1
C11155,1
C11156,0
C11157,2
C11158,1
C11159,1
C11161,1
C11162,1
C11163,1
C11164,0
C11165,0
C11166,1
C11167,1
C11169,1
C11170,2
C11171,1
C11172,1
C11173,2
C11174,1
C11175,1
C11176,1
C11177,0
C11178,1
C11179,1
C11180,1
C11181,1
C11182,1
C11184,1
C11185,1
C11186,2
C11187,1
C11188,2
C11189,1
C11190,0
C11192,0
C11193,1
C11195,1
C11196,1
C11197,1
C11198,0
C11199,1
C11200,1
C11201,1
C11202,1
C11203,1
C11204,1
C11205,1
C11206,2
C11207,1
C11208,1
C11209,1
C11210,1
C11211,1
C11212,1
C11213,1
C11214,2
C11215,1
C11216,1
C11217,1
C11219,1
C11220,0
C11221,1
C11222,1
C11223,1
C11224,2
C11225,2
C11226,2
C11227,0
C11228,1
C11229,1
C11230,1
C11231,1
C11232,1
C11233,1
C11234,0
C11235,1
C11236,1
C11237,0
C11238,1
C11239,2
C11240,1
C11241,1
C11242,1
C11243,0
C11244,1
C11245,1
C11246,0
C11247,1
C11248,1
C11249,1
C11250,1
C11251,1
C11252,2
C11253,1
C11254,1
C11255,2
C11256,0
C11257,0
C11258,1
C11259,1
C11260,0
C11261,2
C11262,0
C11263,1
C11264,1
C11265,0
C11266,2
C11267,1
C11268,1
C11269,2
C11270,0
C11271,1
C11272,1
C11273,2
C11274,1
C11275,1
C11276,1
C11277,1
C11278,1
C11279,1
C11280,2
C11281,1
C11282,1
C11283,1
C11284,0
C11285,0
C11286,0
C11287,1
C11288,2
C11289,1
C11290,1
C11291,1
C11292,0
C11293,2
C11294,1
C11295,1
C11296,1
C11297,1
C11298,1
C11299,0
C11300,0
C11301,1
C11302,1
C11303,2
C11304,1
C11305,1
C11306,2
C11307,0
C11308,2
C11309,1
C11310,1
C11311,1
C11312,0
C11313,0
C11314,1
C11315,0
C11316,1
C11317,1
C11318,1
C11319,0
C11320,1
C11321,1
C11322,1
C11323,1
C11324,1
C11325,1
C11326,2
C11327,1
C11328,1
C11329,1
C11330,0
C11331,0
C11332,0
C11334,1
C11335,0
C11336,1
C11337,0
C11338,1
C11339,1
C11340,1
C11341,1
C11342,1
C11343,1
C11344,1
C11345,2
C11346,1
C11347,0
C11348,1
C11349,0
C11350,0
C11351,1
C11352,2
C11353,0
C11354,1
C11355,1
C11356,0
C11357,1
C11358,1
C11359,0
C11360,2
C11361,1
C11362,1
C11363,2
C11364,2
C11365,1
C11366,1
C11367,0
C11368,1
C11369,1
C11370,1
C11371,1
C11372,1
C11373,2
C11374,1
C11375,2
C11376,0
C11377,2
C11378,2
C11379,1
C11380,2
C11381,2
C11382,1
C11383,0
C11384,1
C11385,0
C11386,2
C11387,0
C11388,0
C11389,1
C11390,2
C11391,1
C11392,1
C11394,2
C11395,0
C11396,2
C11397,0
C11398,1
C11399,1
C11400,1
C11401,1
C11402,1
C11403,0
C11404,0
C11405,2
C11406,0
C11407,0
C11408,1
C11409,1
C11410,1
C11411,2
C11412,1
C11413,2
C11414,1
C11415,0
C11416,1
C11417,1
C11418,1
C11419,0
C11420,0
C11421,1
C11422,1
C11423,1
C11424,2
C11425,1
C11426,1
C11427,1
C11428,0
C11429,1
C11430,1
C11431,1
C11432,1
C11433,2
C11434,1
C11435,2
C11436,1
C11437,1
C11438,1
C11439,1
C11440,1
C11441,0
C11442,1
C11443,1
C11444,1
C11445,0
C11446,1
C11447,1
C11448,1
C11449,1
C11450,1
C11451,1
C11452,0
C11453,1
C11454,1
C11455,1
C11456,2
C11457,0
C11458,0
C11459,1
C11460,1
C11461,1
C11463,0
C11464,1
C11466,1
C11467,1
C11468,0
C11469,1
C11470,0
C11471,0
C11472,2
C11473,1
C11474,1
C11475,0
C11476,1
C11477,1
C11478,1
C11479,1
C11480,0
C11481,0
C11482,0
C11483,2
C11484,1
C11485,0
C11486,1
C11487,0
C11488,1
C11489,1
C11490,2
C11491,1
C11492,0
C11493,1
C11494,1
C11495,0
C11496,1
C11497,1
C11498,2
C11499,2
C11500,1
C11501,2
C11502,0
C11503,1
C11504,1
C11505,1
C11506,2
C11507,1
C11508,0
C11509,2
C11510,2
C11511,0
C11512,2
C11513,0
C11514,0
C11515,1
C11516,1
C11517,1
C11518,1
C11519,0
C11520,1
C11522,1
C11523,0
C11524,2
C11526,1
C11527,0
C11528,0
C11529,0
C11530,1
C11531,2
C11532,0
C11533,1
C11534,0
C11536,1
C11537,2
C11538,2
C11539,1
C11540,2
C11541,0
C11542,2
C11543,1
C11544,2
C11545,1
C11546,1
C11547,1
C11548,0
C11549,0
C11550,1
C11551,1
C11552,1
C11553,1
C11554,0
C11555,2
C11556,2
C11557,1
C11558,1
C11559,1
C11560,1
C11561,0
C11562,1
C11563,1
C11564,2
C11565,0
C11566,1
C11567,1
C11568,2
C11569,2
C11570,0
C11571,1
C11572,1
C11573,0
C11574,0
C11575,0
C11576,2
C11577,1
C11578,0
C11579,1
C11580,1
C11581,1
C11582,1
C11583,0
C11585,0
C11586,1
C11587,1
C11588,2
C11589,1
C11590,1
C11591,1
C11592,1
C11593,1
C11594,1
C11595,1
C11596,1
C11597,0
C11598,1
C11599,2
C11600,1
C11601,0
C11602,1
C11603,2
C11604,1
C11605,1
C11606,1
C11607,1
C11608,1
C11609,1
C11610,2
C11611,0
C11612,0
C11613,1
C11614,2
C11615,2
C11616,1
C11617,1
C11618,1
C11619,0
C11621,1
C11622,0
C11623,1
C11624,1
C11625,0
C11626,1
C11627,1
C11628,0
C11629,1
C11630,2
C11631,2
C11632,1
C11633,1
C11634,1
C11635,0
C11636,1
C11637,1
C11638,0
C11639,1
C11640,1
C11641,0
C11642,1
C11643,1
C11644,1
C11645,1
C11646,1
C11647,1
C11648,1
C11649,1
C11650,1
C11651,1
C11652,1
C11653,2
C11654,1
C11655,1
C11656,0
C11657,0
C11658,0
C11659,1
C11660,1
C11661,1
C11662,0
C11663,1
C11664,1
C11666,2
C11667,1
C11668,1
C11669,0
C11670,0
C11671,0
C11672,0
C11673,1
C11674,1
C11675,1
C11676,1
C11677,1
C11678,0
C11679,1
C11680,2
C11681,1
C11682,1
C11683,2
C11684,1
C11685,2
C11686,1
C11687,2
C11688,1
C11689,1
C11690,1
C11691,1
C11692,0
C11693,0
C11694,1
C11695,0
C11696,1
C11697,1
C11698,1
C11699,1
C11700,2
C11701,0
C11702,1
C11703,0
C11704,0
C11705,1
C11706,2
C11707,0
C11708,0
C11709,2
C11710,0
C11711,2
C11712,1
C11713,1
C11714,2
C11715,0
C11716,1
C11717,0
C11718,1
C11719,1
C11720,1
C11721,0
C11722,1
C11723,1
C11724,1
C11725,1
C11726,1
C11728,1
C11729,0
C11730,2
C11731,2
C11732,1
C11733,0
C11734,1
C11735,2
C11736,1
C11737,2
C11738,2
C11739,1
C11740,1
C11741,2
C11742,1
C11743,2
C11744,2
C11745,2
C11746,1
C11747,1
C11749,1
C11750,1
C11751,1
C11752,1
C11753,0
C11754,1
C11755,1
C11756,2
C11757,2
C11758,0
C11759,1
C11760,0
C11761,1
C11762,2
C11763,0
C11764,1
C11765,0
C11766,2
C11767,1
C11768,2
C11769,1
C11770,0
C11771,1
C11773,0
C11774,0
C11775,2
C11776,0
C11777,1
C11778,0
C11779,1
C11780,1
C11781,1
C11782,1
C11784,1
C11785,0
C11786,0
C11787,0
C11788,1
C11789,1
C11790,1
C11791,1
C11792,1
C11794,2
C11795,1
C11796,1
C11797,0
C11798,0
C11799,2
C11800,0
C11801,0
C11802,1
C11803,1
C11804,1
C11805,1
C11806,0
C11807,1
C11808,1
C11809,1
C11810,1
C11811,1
C11813,0
C11814,0
C11815,0
C11816,0
C11817,1
C11818,1
C11819,0
C11820,2
C11821,1
C11822,1
C11823,0
C11824,0
C11825,0
C11826,1
C11827,0
C11828,1
C11829,2
C11830,1
C11831,0
C11832,0
C11833,1
C11834,2
C11835,0
C11836,1
C11837,2
C11838,2
C11839,1
C11840,1
C11841,2
C11842,0
C11843,1
C11844,0
C11845,1
C11846,1
C11847,2
C11848,1
C11849,1
C11850,1
C11851,0
C11852,1
C11853,1
C11854,1
C11855,2
C11856,1
C11857,0
C11858,1
C11859,2
C11860,1
C11861,2
C11862,1
C11863,1
C11864,1
C11865,1
C11866,1
C11867,1
C11868,1
C11869,1
C11870,2
C11871,2
C11872,1
C11873,1
C11874,0
C11875,1
C11876,1
C11877,0
C11878,1
C11879,1
C11880,1
C11881,1
C11882,1
C11883,1
C11884,0
C11885,1
C11886,0
C11887,0
C11888,1
C11889,2
C11890,1
C11892,2
C11893,2
C11894,1
C11895,1
C11896,2
C11897,0
C11898,1
C11899,1
C11900,1
C11901,1
C11902,1
C11903,0
C11904,1
C11905,0
C11906,0
C11907,1
C11908,1
C11909,1
C11910,1
C11911,1
C11912,0
C11913,1
C11914,1
C11915,1
C11916,1
C11917,2
C11918,0
C11919,2
C11920,1
C11921,1
C11922,0
C11924,1
C11925,1
C11926,2
C11927,1
C11928,1
C11929,0
C11930,1
C11931,1
C11932,1
C11933,0
C11934,1
C11935,1
C11936,1
C11937,1
C11938,1
C11939,1
C11940,1
C11941,1
C11942,1
C11943,2
C11944,1
C11945,2
C11946,1
C11947,1
C11948,1
C11949,1
C11950,1
C11951,1
C11952,2
C11953,1
C11954,1
C11955,0
C11956,2
C11957,1
C11958,1
C11959,1
C11960,1
C11961,1
C11962,1
C11963,2
C11964,0
C11965,0
C11966,2
C11967,2
C11968,0
C11969,2
C11970,1
C11971,2
C11972,1
C11973,1
C11974,0
C11975,2
C11976,1
C11977,0
C11978,1
C11979,2
C11980,1
C11981,2
C11982,2
C11983,1
C11984,1
C11985,2
C11986,2
C11987,2
C11988,1
C11989,1
C11990,1
C11991,1
C11992,2
C11993,1
C11994,1
C11995,2
C11996,2
C11997,1
C11998,2
C11999,2
C12000,1
C12001,1
C12002,1
C12004,1
C12005,1
C12006,2
C12007,2
C12008,1
C12009,1
C12010,1
C12011,1
C12012,1
C12013,2
C12014,1
C12015,1
C12016,0
C12017,2
C12018,1
C12019,1
C12020,2
C12021,1
C12022,0
C12023,1
C12024,0
C12025,2
C12026,1
C12027,1
C12028,1
C12029,1
C12030,1
C12031,1
C12032,1
C12033,1
C12034,2
C12035,1
C12036,1
C12037,2
C12038,1
C12039,1
C12040,1
C12041,1
C12042,0
C12043,1
C12044,1
C12045,1
C12046,2
C12047,2
C12048,1
C12049,0
C12050,1
C12051,2
C12052,1
C12053,1
C12054,0
C12055,1
C12056,1
C12057,1
C12058,1
C12059,1
C12060,0
C12061,1
C12062,1
C12063,2
C12064,2
C12065,1
C12066,2
C12067,1
C12068,1
C12069,1
C12070,1
C12071,2
C12072,1
C12073,1
C12074,1
C12075,1
C12076,1
C12077,2
C12078,0
C12079,0
C12080,1
C12081,0
C12082,2
C12083,2
C12084,1
C12085,1
C12086,1
C12087,0
C12088,0
C12089,1
C12090,1
C12091,1
C12092,0
C12093,1
C12094,1
C12095,1
C12096,1
C12097,2
C12098,1
C12099,1
C12100,1
C12101,2
C12102,2
C12103,0
C12104,1
C12105,1
C12107,2
C12108,2
C12109,2
C12110,0
C12111,0
C12112,2
C12113,1
C12114,2
C12115,0
C12116,1
C12117,1
C12118,0
C12119,0
C12120,1
C12121,1
C12122,2
C12124,0
C12125,1
C12127,1
C12128,2
C12129,1
C12130,1
C12131,2
C12132,1
C12133,0
C12134,1
C12135,1
C12136,2
C12137,0
C12138,1
C12139,1
C12140,0
C12141,2
C12142,1
C12143,0
C12144,1
C12145,2
C12146,2
C12147,0
C12148,0
C12149,1
C12150,1
C12151,1
C12152,2
C12153,1
C12154,0
C12155,2
C12156,2
C12157,1
C12158,2
C12159,1
C12160,0
C12161,0
C12162,1
C12163,1
C12164,1
C12165,1
C12166,1
C12167,2
C12168,1
C12169,1
C12170,1
C12171,1
C12172,2
C12173,0
C12174,2
C12175,0
C12176,1
C12177,1
C12178,1
C12179,1
C12180,1
C12181,0
C12182,0
C12183,1
C12184,1
C12185,2
C12186,2
C12187,1
C12188,1
C12189,1
C12190,1
C12191,0
C12192,1
C12194,1
C12195,1
C12196,0
C12197,1
C12198,2
C12199,0
C12200,1
C12201,1
C12202,1
C12203,0
C12204,1
C12205,0
C12206,1
C12207,0
C12208,1
C12209,1
C12210,0
C12211,1
C12212,1
C12213,0
C12214,1
C12215,2
C12216,1
C12217,1
C12218,1
C12219,0
C12220,1
C12221,0
C12222,1
C12223,1
C12224,0
C12225,0
C12226,2
C12227,1
C12228,1
C12229,0
C12230,1
C12231,0
C12232,1
C12233,2
C12234,1
C12235,1
C12236,1
C12237,1
C12238,2
C12239,1
C12240,1
C12241,2
C12242,1
C12243,1
C12244,0
C12246,1
C12247,2
C12248,1
C12249,2
C12250,0
C12251,1
C12252,1
C12253,1
C12254,1
C12255,1
C12256,0
C12257,2
C12258,2
C12260,2
C12261,1
C12262,1
C12263,1
C12264,1
C12265,2
C12266,1
C12267,2
C12268,1
C12269,2
C12270,1
C12271,1
C12272,0
C12273,0
C12274,0
C12275,2
C12276,1
C12277,0
C12278,1
C12279,2
C12280,1
C12281,2
C12282,1
C12283,1
C12284,2
C12285,1
C12286,0
C12287,0
C12288,1
C12289,0
C12291,1
C12292,1
C12293,1
C12294,1
C12295,0
C12296,1
C12297,1
C12298,1
C12299,1
C12300,1
C12301,1
C12302,0
C12303,1
C12304,1
C12305,2
C12306,1
C12307,1
C12308,1
C12309,1
C12310,2
C12311,0
C12312,1
C12313,1
C12314,1
C12315,1
C12316,2
C12317,1
C12318,2
C12319,2
C12320,1
C12321,0
C12322,1
C12323,1
C12324,1
C12325,1
C12326,1
C12327,0
C12329,2
C12330,0
C12331,1
C12332,0
C12333,1
C12334,2
C12335,1
C12336,0
C12337,2
C12338,2
C12339,1
C12340,1
C12341,1
C12342,2
C12343,0
C12344,1
C12345,1
C12346,1
C12347,2
C12348,1
C12349,2
C12350,1
C12351,1
C12352,1
C12353,1
C12354,1
C12355,1
C12356,1
C12357,0
C12358,1
C12359,2
C12360,1
C12361,1
C12362,0
C12363,1
C12364,1
C12365,1
C12366,1
C12367,0
C12368,1
C12369,2
C12370,1
C12371,1
C12372,0
C12373,2
C12374,1
C12375,1
C12376,1
C12377,2
C12378,1
C12381,1
C12382,0
C12383,0
C12384,0
C12385,1
C12386,1
C12387,1
C12388,1
C12389,1
C12390,1
C12391,1
C12392,1
C12393,1
C12394,1
C12395,1
C12396,1
C12397,2
C12398,1
C12399,1
C12400,1
C12401,1
C12402,2
C12403,1
C12404,0
C12405,0
C12406,1
C12407,0
C12408,1
C12409,0
C12410,2
C12411,1
C12412,0
C12413,2
C12414,1
C12415,2
C12416,2
C12417,2
C12418,0
C12419,1
C12420,1
C12421,2
C12422,2
C12423,1
C12424,1
C12425,1
C12426,1
C12427,1
C12428,0
C12429,1
C12430,1
C12431,1
C12432,0
C12433,0
C12434,2
C12435,0
C12436,0
C12437,1
C12438,1
C12439,2
C12440,1
C12441,1
C12442,1
C12443,1
C12444,1
C12445,1
C12446,0
C12447,1
C12448,1
C12449,1
C12450,1
C12451,1
C12452,1
C12453,1
C12454,1
C12455,0
C12456,2
C12457,0
C12458,2
C12459,1
C12460,2
C12461,1
C12462,2
C12463,1
C12464,0
C12465,2
C12466,1
C12467,1
C12468,0
C12469,1
C12470,2
C12471,0
C12472,2
C12473,0
C12474,1
C12475,1
C12476,2
C12477,1
C12478,1
C12479,0
C12480,1
C12481,2
C12482,1
C12483,1
C12484,1
C12485,1
C12486,1
C12487,1
C12488,1
C12489,0
C12490,1
C12491,1
C12492,1
C12493,0
C12494,0
C12495,2
C12497,2
C12498,1
C12499,1
C12500,1
C12501,2
C12502,1
C12503,1
C12504,1
C12505,0
C12506,2
C12507,1
C12508,1
C12509,1
C12510,1
C12511,2
C12512,1
C12513,2
C12514,0
C12515,2
C12516,2
C12517,0
C12518,0
C12519,1
C12520,2
C12521,1
C12522,2
C12523,1
C12524,1
C12525,1
C12526,1
C12527,0
C12528,2
C12529,1
C12530,1
C12531,0
C12532,1
C12533,1
C12534,1
C12535,1
C12536,1
C12537,2
C12538,1
C12539,2
C12540,1
C12541,2
C12542,0
C12543,2
C12544,2
C12545,0
C12546,1
C12547,0
C12548,1
C12549,2
C12550,1
C12551,0
C12552,1
C12553,1
C12554,1
C12555,1
C12556,1
C12557,1
C12558,1
C12559,2
C12560,1
C12561,2
C12562,2
C12563,2
C12564,2
C12565,1
C12566,1
C12567,1
C12568,1
C12569,2
C12570,1
C12571,1
C12572,0
C12573,0
C12574,0
C12575,1
C12576,1
C12577,0
C12578,1
C12579,1
C12580,0
C12581,1
C12582,1
C12583,1
C12584,1
C12585,1
C12586,1
C12587,2
C12588,1
C12589,0
C12590,2
C12591,1
C12592,1
C12593,2
C12594,1
C12595,1
C12596,0
C12597,0
C12598,1
C12599,1
C12600,1
C12601,0
C12602,1
C12603,2
C12604,1
C12605,2
C12606,1
C12607,1
C12608,0
C12609,1
C12610,1
C12611,1
C12612,1
C12613,1
C12614,1
C12615,1
C12616,1
C12617,1
C12618,1
C12619,1
C12620,2
C12621,1
C12622,2
C12623,1
C12624,0
C12625,0
C12626,1
C12627,1
C12628,2
C12629,2
C12630,1
C12631,1
C12632,1
C12633,1
C12634,0
C12635,2
C12636,1
C12637,1
C12638,1
C12639,1
C12640,1
C12641,0
C12642,1
C12643,1
C12644,1
C12645,2
C12646,1
C12647,0
C12648,2
C12650,1
C12651,2
C12652,1
C12653,2
C12654,2
C12655,1
C12656,2
C12657,0
C12658,1
C12659,1
C12660,1
C12661,0
C12663,1
C12664,1
C12665,1
C12666,1
C12667,0
C12668,1
C12669,2
C12670,2
C12671,1
C12672,2
C12673,1
C12674,2
C12675,2
C12676,1
C12677,1
C12678,1
C12679,1
C12680,1
C12681,1
C12682,2
C12683,2
C12684,2
C12685,1
C12686,1
C12687,1
C12688,2
C12689,0
C12690,1
C12691,1
C12692,1
C12693,1
C12694,1
C12695,2
C12696,1
C12697,1
C12698,1
C12699,1
C12700,1
C12701,2
C12702,1
C12703,1
C12704,1
C12705,0
C12706,1
C12707,2
C12708,2
C12709,2
C12710,1
C12712,0
C12713,1
C12714,1
C12715,1
C12716,2
C12717,1
C12718,1
C12719,2
C12720,2
C12721,1
C12722,2
C12723,1
C12724,1
C12725,1
C12726,2
C12727,1
C12728,1
C12729,1
C12730,1
C12731,1
C12732,1
C12733,0
C12734,2
C12735,1
C12736,1
C12737,2
C12738,1
C12739,0
C12740,1
C12741,0
C12742,1
C12743,1
C12744,1
C12745,1
C12746,2
C12747,1
C12748,0
C12749,2
C12750,2
C12751,1
C12752,1
C12753,2
C12754,2
C12755,1
C12756,1
C12757,2
C12758,2
C12759,2
C12760,1
C12761,2
C12762,2
C12763,1
C12764,0
C12765,0
C12766,1
C12767,2
C12768,1
C12769,1
C12770,2
C12771,1
C12772,2
C12773,2
C12774,0
C12775,0
C12776,2
C12777,1
C12778,1
C12779,1
C12780,1
C12781,1
C12782,1
C12783,2
C12784,1
C12786,1
C12787,0
C12788,1
C12789,1
C12790,0
C12791,1
C12792,1
C12793,1
C12794,1
C12795,0
C12796,1
C12797,1
C12798,1
C12799,0
C12800,1
C12801,0
C12802,1
C12803,1
C12804,2
C12805,2
C12806,0
C12807,2
C12808,2
C12809,1
C12810,1
C12811,1
C12812,1
C12813,1
C12814,1
C12815,2
C12816,1
C12818,1
C12819,1
C12820,2
C12821,2
C12822,1
C12823,1
C12824,0
C12825,2
C12826,1
C12827,1
C12828,1
C12829,0
C12830,1
C12831,1
C12832,1
C12833,1
C12834,2
C12835,2
C12836,0
C12837,1
C12838,0
C12839,0
C12840,0
C12841,2
C12842,2
C12843,1
C12844,0
C12845,1
C12846,1
C12847,1
C12848,1
C12849,1
C12850,1
C12851,1
C12852,1
C12853,1
C12854,1
C12855,0
C12857,1
C12858,0
C12859,2
C12860,2
C12861,1
C12862,1
C12863,0
C12864,1
C12865,1
C12866,1
C12867,1
C12868,1
C12869,1
C12871,1
C12872,1
C12873,2
C12874,0
C12875,1
C12876,1
C12877,2
C12878,1
C12879,1
C12880,1
C12881,0
C12883,0
C12884,1
C12885,0
C12886,1
C12887,1
C12888,0
C12889,1
C12890,1
C12891,1
C12892,1
C12893,0
C12894,1
C12895,1
C12896,1
C12897,2
C12898,0
C12899,1
C12900,1
C12901,1
C12902,1
C12903,1
C12904,0
C12905,0
C12906,1
C12907,1
C12908,1
C12909,1
C12910,2
C12911,2
C12912,2
C12913,1
C12914,1
C12915,0
C12916,0
C12917,1
C12918,1
C12919,0
C12920,1
C12921,2
C12922,2
C12923,1
C12924,1
C12925,0
C12926,1
C12927,1
C12928,2
C12929,0
C12930,1
C12931,1
C12932,1
C12933,1
C12934,1
C12935,1
C12936,1
C12937,1
C12938,1
C12939,1
C12941,1
C12943,2
C12944,1
C12945,1
C12946,2
C12947,1
C12948,1
C12949,1
C12950,1
C12951,2
C12952,0
C12953,2
C12954,0
C12955,1
C12956,1
C12957,1
C12958,1
C12959,1
C12960,1
C12961,1
C12962,2
C12963,1
C12964,1
C12965,1
C12966,1
C12967,1
C12968,1
C12969,1
C12970,2
C12971,2
C12972,2
C12973,2
C12974,1
C12975,1
C12976,1
C12977,1
C12978,2
C12979,1
C12980,1
C12981,2
C12982,2
C12983,1
C12984,1
C12985,1
C12986,1
C12987,0
C12988,0
C12989,1
C12990,1
C12991,1
C12992,1
C12993,1
C12994,1
C12995,1
C12996,1
C12997,0
C12998,1
C12999,2
C13000,1
C13001,1
C13002,2
C13004,1
C13005,1
C13006,1
C13007,1
C13008,2
C13009,1
C13011,1
C13012,2
C13013,0
C13014,2
C13015,1
C13016,1
C13017,0
C13018,1
C13019,1
C13020,1
C13021,1
C13022,2
C13023,2
C13024,1
C13025,1
C13026,1
C13027,2
C13028,1
C13029,1
C13031,1
C13032,1
C13033,1
C13034,2
C13035,1
C13036,1
C13037,1
C13038,0
C13039,1
C13040,1
C13041,2
C13042,1
C13043,1
C13044,1
C13045,1
C13046,1
C13047,2
C13048,0
C13049,2
C13050,1
C13051,2
C13052,2
C13053,2
C13054,1
C13056,1
C13057,1
C13058,0
C13059,1
C13060,1
C13061,2
C13062,1
C13063,1
C13064,0
C13065,1
C13066,0
C13067,2
C13068,1
C13069,1
C13070,1
C13071,1
C13072,1
C13073,0
C13074,1
C13076,1
C13077,0
C13078,2
C13079,1
C13080,1
C13081,1
C13082,1
C13083,1
C13084,2
C13085,1
C13086,1
C13087,1
C13088,1
C13089,1
C13090,2
C13091,1
C13092,1
C13093,1
C13094,1
C13095,0
C13096,0
C13097,1
C13098,1
C13099,0
C13100,1
C13101,1
C13102,0
C13103,2
C13104,1
C13105,1
C13106,1
C13107,1
C13108,1
C13109,0
C13110,1
C13111,0
C13112,1
C13113,2
C13114,1
C13115,1
C13116,2
C13117,1
C13118,1
C13119,0
C13120,1
C13121,2
C13122,1
C13123,1
C13124,2
C13125,2
C13126,1
C13127,2
C13128,2
C13129,1
C13130,1
C13131,1
C13132,1
C13133,1
C13134,2
C13135,1
C13136,1
C13137,1
C13138,1
C13139,1
C13140,1
C13141,1
C13142,1
C13143,1
C13144,0
C13145,1
C13146,1
C13147,1
C13148,0
C13149,1
C13150,1
C13151,2
C13152,2
C13153,1
C13154,1
C13155,1
C13156,1
C13157,1
C13158,0
C13159,1
C13160,1
C13161,1
C13162,1
C13163,1
C13164,1
C13165,1
C13166,1
C13167,1
C13168,1
C13169,2
C13170,1
C13171,2
C13172,2
C13173,1
C13174,1
C13175,1
C13176,1
C13178,1
C13179,2
C13180,1
C13181,1
C13182,1
C13183,0
C13184,1
C13185,2
C13186,1
C13187,1
C13188,1
C13189,2
C13190,1
C13191,1
C13192,1
C13193,2
C13194,1
C13195,0
C13196,2
C13197,2
C13198,1
C13199,2
C13200,1
C13201,0
C13202,1
C13203,1
C13204,1
C13205,2
C13206,1
C13207,1
C13208,0
C13209,1
C13210,2
C13211,1
C13212,1
C13213,0
C13214,1
C13215,2
C13216,1
C13217,2
C13218,1
C13219,1
C13220,1
C13221,1
C13222,1
C13223,1
C13224,1
C13225,2
C13226,1
C13227,1
C13228,1
C13229,2
C13230,0
C13231,2
C13232,1
C13233,1
C13234,1
C13235,0
C13236,0
C13237,1
C13238,1
C13239,1
C13240,1
C13241,0
C13242,2
C13243,2
C13244,1
C13245,2
C13246,0
C13247,1
C13248,2
C13249,1
C13250,0
C13251,1
C13252,1
C13253,1
C13254,1
C13255,2
C13257,1
C13258,1
C13259,1
C13260,1
C13261,1
C13262,0
C13263,1
C13264,1
C13265,1
C13266,1
C13267,1
C13268,1
C13269,2
C13270,1
C13271,0
C13272,0
C13273,1
C13275,1
C13276,1
C13277,0
C13278,1
C13279,1
C13280,1
C13282,1
C13283,2
C13284,1
C13285,2
C13286,1
C13287,1
C13288,0
C13289,1
C13290,2
C13291,2
C13292,1
C13293,0
C13294,1
C13295,1
C13296,0
C13297,2
C13298,1
C13299,1
C13300,1
C13301,1
C13302,1
C13303,2
C13304,1
C13305,2
C13306,1
C13307,1
C13308,1
C13309,1
C13310,1
C13312,1
C13313,2
C13314,2
C13315,2
C13316,1
C13317,1
C13318,1
C13319,1
C13320,1
C13321,1
C13322,0
C13323,1
C13324,1
C13325,1
C13326,2
C13327,1
C13328,0
C13329,1
C13330,1
C13331,1
C13332,0
C13333,1
C13334,0
C13335,0
C13336,1
C13337,2
C13338,1
C13339,1
C13340,1
C13341,1
C13342,1
C13343,1
C13344,1
C13345,0
C13346,1
C13347,2
C13348,1
C13349,1
C13350,1
C13351,1
C13352,1
C13353,2
C13354,1
C13355,2
C13356,2
C13357,1
C13358,2
C13359,2
C13360,1
C13361,0
C13362,1
C13363,2
C13364,0
C13365,2
C13366,1
C13367,2
C13368,2
C13369,0
C13370,1
C13371,2
C13372,1
C13373,1
C13374,2
C13375,1
C13376,0
C13377,2
C13378,1
C13379,1
C13380,1
C13381,0
C13382,1
C13383,1
C13384,1
C13385,2
C13386,0
C13387,1
C13388,1
C13389,1
C13390,1
C13391,1
C13392,2
C13393,1
C13394,2
C13395,1
C13396,2
C13397,1
C13398,1
C13399,1
C13400,1
C13401,1
C13402,2
C13403,1
C13404,1
C13405,1
C13406,1
C13407,1
C13408,0
C13409,0
C13410,1
C13411,1
C13412,1
C13413,1
C13414,0
C13416,2
C13417,1
C13418,1
C13419,0
C13420,0
C13421,1
C13422,1
C13423,1
C13424,1
C13425,1
C13426,2
C13427,1
C13428,1
C13429,1
C13430,1
C13431,0
C13432,1
C13433,1
C13434,2
C13435,1
C13436,1
C13437,1
C13439,2
C13440,1
C13441,1
C13442,2
C13443,0
C13444,2
C13445,1
C13446,0
C13447,2
C13448,2
C13449,1
C13450,1
C13451,1
C13452,0
C13453,1
C13454,1
C13455,2
C13456,2
C13457,1
C13458,1
C13459,1
C13460,2
C13461,1
C13462,2
C13463,1
C13464,1
C13465,1
C13466,1
C13467,1
C13468,1
C13469,2
C13470,1
C13471,1
C13472,1
C13473,1
C13474,1
C13475,0
C13476,1
C13478,1
C13479,0
C13480,1
C13481,1
C13482,1
C13483,1
C13484,1
C13485,0
C13486,1
C13487,2
C13488,1
C13489,1
C13490,2
C13491,1
C13492,1
C13493,1
C13494,2
C13495,0
C13496,1
C13497,2
C13498,1
C13499,1
C13500,1
C13501,0
C13502,1
C13503,1
C13504,1
C13505,0
C13506,2
C13507,1
C13508,0
C13509,2
C13510,2
C13511,2
C13512,1
C13513,1
C13514,1
C13515,1
C13516,1
C13517,2
C13518,1
C13519,1
C13520,0
C13521,1
C13522,1
C13523,1
C13524,1
C13525,1
C13526,1
C13527,1
C13528,1
C13529,1
C13530,1
C13531,1
C13532,0
C13533,1
C13534,1
C13535,1
C13536,1
C13537,2
C13538,1
C13539,1
C13540,1
C13541,1
C13542,1
C13543,0
C13544,1
C13545,2
C13546,1
C13547,1
C13548,1
C13549,0
C13550,1
C13551,0
C13552,1
C13553,1
C13554,1
C13555,1
C13556,1
C13557,0
C13558,2
C13559,1
C13560,1
C13561,1
C13562,1
C13563,1
C13564,0
C13565,1
C13566,1
C13567,2
C13568,1
C13569,1
C13570,1
C13571,1
C13572,0
C13573,0
C13574,1
C13575,1
C13576,0
C13577,1
C13578,2
C13579,1
C13580,2
C13581,2
C13582,0
C13583,1
C13584,1
C13585,1
C13586,1
C13587,2
C13588,0
C13589,1
C13591,1
C13592,1
C13593,0
C13594,2
C13596,2
C13597,1
C13598,2
C13599,2
C13600,2
C13601,1
C13602,0
C13603,1
C13604,1
C13605,1
C13606,2
C13607,1
C13608,1
C13610,0
C13611,1
C13612,1
C13613,0
C13614,2
C13615,1
C13616,2
C13617,1
C13618,1
C13619,2
C13620,0
C13621,0
C13622,0
C13623,1
C13624,1
C13625,1
C13626,1
C13627,0
C13628,2
C13629,2
C13630,0
C13631,1
C13632,2
C13633,2
C13634,1
C13635,2
C13636,2
C13637,0
C13638,1
C13639,2
C13640,0
C13641,1
C13642,1
C13643,1
C13644,0
C13645,2
C13646,1
C13647,2
C13648,2
C13649,1
C13650,1
C13651,1
C13652,2
C13653,0
C13654,1
C13655,2
C13656,2
C13657,1
C13658,1
C13659,1
C13660,2
C13661,1
C13662,2
C13663,1
C13664,1
C13665,1
C13666,1
C13668,1
C13669,1
C13670,2
C13671,2
C13672,2
C13673,1
C13674,1
C13675,2
C13676,1
C13677,0
C13678,1
C13679,1
C13680,1
C13681,1
C13682,1
C13683,1
C13684,1
C13685,0
C13686,0
C13687,1
C13688,1
C13689,2
C13690,1
C13691,1
C13692,2
C13693,1
C13694,2
C13695,1
C13696,1
C13697,1
C13698,0
C13699,1
C13701,1
C13702,1
C13703,1
C13704,1
C13705,1
C13706,2
C13707,1
C13708,1
C13709,0
C13710,1
C13711,0
C13712,1
C13713,1
C13714,1
C13715,1
C13717,2
C13718,1
C13719,1
C13720,1
C13721,1
C13722,1
C13723,1
C13724,1
C13725,2
C13726,2
C13727,2
C13728,1
C13729,1
C13730,1
C13731,1
C13732,2
C13733,1
C13734,1
C13735,1
C13736,0
C13737,2
C13738,1
C13739,1
C13740,0
C13741,2
C13742,1
C13743,1
C13744,2
C13745,1
C13746,0
C13747,2
C13748,2
C13749,1
C13750,2
C13751,1
C13752,2
C13753,0
C13754,1
C13755,0
C13756,1
C13757,1
C13758,1
C13759,2
C13760,1
C13761,1
C13762,0
C13763,1
C13764,1
C13765,1
C13767,0
C13768,2
C13769,1
C13770,2
C13771,1
C13772,1
C13773,0
C13774,1
C13775,0
C13776,1
C13777,1
C13778,0
C13779,1
C13780,0
C13781,2
C13782,1
C13783,1
C13784,1
C13785,2
C13786,0
C13787,1
C13788,1
C13789,1
C13790,1
C13791,0
C13792,0
C13793,1
C13794,1
C13795,0
C13796,0
C13797,1
C13798,1
C13799,0
C13800,2
C13801,1
C13802,0
C13803,1
C13804,2
C13805,1
C13806,0
C13807,1
C13809,1
C13810,0
C13811,1
C13812,0
C13813,0
C13814,1
C13815,1
C13816,0
C13817,2
C13819,1
C13820,1
C13821,1
C13822,2
C13823,1
C13824,1
C13825,0
C13826,2
C13827,2
C13828,1
C13829,1
C13830,1
C13831,0
C13832,1
C13833,1
C13834,1
C13835,0
C13836,0
C13837,1
C13838,1
C13839,0
C13840,0
C13841,2
C13842,2
C13843,2
C13844,0
C13845,1
C13846,1
C13847,1
C13848,0
C13849,1
C13850,0
C13851,1
C13852,1
C13853,1
C13855,1
C13856,2
C13857,1
C13858,2
C13859,1
C13860,2
C13861,1
C13862,1
C13863,1
C13864,0
C13865,2
C13866,1
C13867,2
C13868,1
C13869,2
C13870,1
C13871,1
C13872,1
C13873,2
C13874,2
C13875,0
C13876,1
C13877,0
C13878,2
C13879,1
C13881,1
C13882,1
C13883,2
C13884,2
C13885,1
C13886,0
C13887,1
C13888,1
C13889,2
C13890,1
C13891,0
C13892,1
C13893,0
C13894,1
C13895,1
C13896,0
C13897,1
C13898,2
C13899,0
C13900,1
C13901,1
C13902,0
C13903,1
C13904,0
C13905,1
C13906,1
C13907,1
C13908,0
C13909,1
C13910,1
C13911,1
C13912,2
C13913,1
C13914,2
C13915,0
C13916,1
C13917,1
C13918,1
C13919,1
C13920,1
C13921,1
C13922,1
C13923,1
C13924,1
C13925,1
C13926,2
C13927,1
C13928,1
C13929,2
C13930,2
C13931,0
C13932,1
C13933,2
C13934,1
C13935,1
C13936,0
C13937,1
C13938,0
C13939,1
C13940,1
C13941,1
C13942,1
C13943,1
C13944,0
C13945,2
C13946,1
C13947,1
C13948,2
C13949,1
C13950,1
C13951,1
C13952,1
C13953,1
C13954,0
C13955,1
C13956,1
C13957,1
C13958,1
C13959,1
C13960,1
C13961,1
C13962,1
C13964,1
C13965,1
C13966,0
C13967,2
C13968,0
C13969,2
C13970,1
C13971,0
C13972,1
C13973,1
C13974,1
C13975,1
C13977,1
C13978,0
C13979,1
C13980,0
C13981,2
C13982,1
C13983,1
C13984,2
C13985,0
C13986,2
C13987,1
C13988,0
C13989,1
C13990,1
C13991,1
C13992,1
C13993,0
C13994,1
C13995,0
C13996,0
C13997,0
C13998,1
C13999,2
C14000,1
C14001,1
C14002,1
C14003,1
C14004,1
C14005,2
C14006,1
C14007,1
C14008,1
C14009,1
C14010,1
C14011,1
C14012,1
C14013,1
C14014,1
C14015,0
C14016,2
C14017,1
C14018,2
C14019,1
C14020,0
C14021,1
C14022,1
C14023,1
C14024,1
C14026,1
C14027,1
C14028,1
C14029,1
C14030,1
C14031,1
C14032,2
C14033,2
C14034,1
C14035,1
C14036,2
C14037,1
C14038,1
C14039,1
C14040,0
C14041,2
C14042,1
C14043,0
C14044,1
C14045,1
C14046,1
C14047,1
C14048,0
C14049,1
C14050,0
C14051,1
C14052,1
C14053,1
C14054,1
C14055,2
C14056,2
C14057,1
C14058,1
C14059,0
C14060,1
C14061,1
C14062,1
C14063,1
C14064,1
C14065,0
C14066,0
C14067,0
C14068,1
C14069,1
C14070,1
C14071,1
C14072,2
C14073,1
C14074,1
C14075,1
C14076,1
C14077,1
C14078,1
C14079,1
C14080,0
C14081,1
C14082,0
C14083,1
C14084,1
C14085,1
C14086,2
C14087,1
C14088,1
C14089,1
C14090,1
C14091,1
C14092,1
C14094,1
C14095,1
C14096,2
C14097,1
C14098,1
C14099,1
C14100,0
C14101,2
C14102,1
C14103,1
C14104,1
C14105,1
C14106,1
C14107,1
C14108,2
C14109,0
C14111,1
C14112,2
C14113,1
C14114,1
C14115,0
C14116,1
C14117,0
C14119,2
C14120,0
C14121,0
C14122,2
C14123,1
C14124,0
C14125,1
C14126,0
C14127,0
C14128,0
C14129,1
C14130,2
C14131,2
C14132,2
C14133,0
C14134,1
C14135,1
C14136,2
C14137,1
C14138,1
C14139,0
C14140,1
C14141,1
C14142,2
C14143,1
C14144,0
C14145,1
C14146,1
C14147,0
C14148,1
C14149,1
C14150,1
C14151,1
C14152,1
C14153,1
C14154,2
C14155,2
C14156,1
C14157,2
C14158,1
C14159,1
C14161,2
C14162,1
C14163,1
C14164,1
C14165,1
C14166,0
C14167,1
C14168,1
C14169,1
C14170,1
C14171,2
C14172,1
C14173,1
C14174,1
C14175,1
C14177,1
C14178,2
C14179,1
C14180,1
C14181,2
C14182,1
C14183,1
C14184,1
C14185,2
C14186,1
C14187,1
C14188,1
C14189,1
C14190,2
C14191,1
C14192,1
C14193,1
C14194,1
C14195,2
C14196,1
C14197,0
C14198,1
C14199,1
C14200,2
C14201,1
C14202,0
C14203,1
C14204,1
C14205,2
C14206,1
C14207,2
C14208,0
C14209,1
C14210,1
C14211,2
C14212,1
C14213,2
C14214,1
C14215,1
C14216,2
C14217,1
C14218,0
C14219,2
C14220,1
C14221,0
C14222,1
C14223,1
C14224,1
C14225,0
C14226,1
C14227,1
C14228,0
C14229,1
C14230,1
C14231,1
C14232,1
C14233,1
C14234,1
C14235,0
C14236,1
C14237,1
C14238,0
C14239,1
C14240,0
C14241,2
C14242,0
C14243,1
C14244,1
C14245,2
C14246,1
C14247,1
C14248,2
C14249,0
C14250,1
C14251,0
C14252,1
C14253,2
C14254,0
C14255,2
C14256,0
C14257,1
C14258,1
C14259,2
C14260,2
C14261,1
C14262,0
C14263,1
C14264,2
C14265,1
C14266,0
C14267,1
C14268,1
C14269,1
C14270,1
C14271,0
C14272,1
C14273,1
C14274,1
C14275,1
C14276,1
C14277,0
C14278,1
C14279,1
C14280,1
C14281,1
C14282,1
C14283,0
C14284,1
C14285,1
C14286,1
C14287,1
C14288,1
C14289,1
C14290,1
C14291,2
C14292,1
C14293,1
C14294,2
C14295,1
C14297,1
C14298,1
C14299,1
C14300,1
C14301,0
C14302,1
C14303,1
C14304,1
C14305,1
C14306,1
C14307,1
C14308,1
C14309,1
C14310,1
C14311,2
C14312,2
C14313,2
C14314,1
C14315,1
C14316,1
C14317,1
C14318,1
C14319,1
C14320,1
C14322,0
C14323,1
C14324,0
C14325,1
C14326,1
C14327,1
C14328,2
C14329,1
C14330,0
C14331,0
C14332,1
C14333,2
C14334,0
C14335,1
C14336,1
C14337,2
C14338,0
C14339,1
C14340,1
C14341,2
C14342,1
C14343,1
C14344,1
C14345,1
C14346,2
C14347,1
C14348,2
C14349,1
C14350,0
C14351,1
C14352,1
C14353,0
C14354,2
C14355,1
C14356,1
C14357,2
C14358,0
C14359,2
C14360,1
C14361,1
C14362,1
C14363,1
C14364,1
C14365,1
C14366,1
C14367,2
C14368,1
C14369,1
C14370,2
C14371,1
C14372,1
C14373,1
C14374,2
C14375,1
C14376,1
C14377,1
C14378,0
C14379,1
C14380,1
C14381,2
C14382,0
C14383,1
C14384,0
C14385,1
C14386,1
C14387,1
C14388,1
C14389,1
C14390,0
C14391,2
C14392,2
C14393,1
C14394,0
C14395,1
C14396,1
C14397,1
C14398,1
C14399,1
C14400,0
C14401,1
C14402,0
C14403,0
C14404,1
C14405,0
C14406,1
C14407,1
C14408,1
C14409,0
C14410,1
C14411,1
C14412,1
C14413,2
C14414,0
C14415,0
C14416,1
C14417,0
C14418,1
C14419,2
C14421,1
C14422,1
C14423,1
C14424,1
C14425,1
C14426,1
C14427,1
C14428,1
C14429,1
C14430,1
C14431,2
C14432,1
C14433,2
C14434,1
C14435,2
C14436,2
C14437,1
C14439,1
C14440,1
C14441,1
C14442,1
C14443,1
C14444,1
C14445,1
C14447,0
C14448,1
C14449,1
C14450,1
C14451,2
C14452,1
C14453,1
C14455,0
C14456,1
C14457,1
C14458,1
C14459,1
C14460,1
C14461,0
C14462,2
C14463,1
C14464,1
C14465,1
C14466,1
C14467,1
C14468,1
C14469,1
C14470,2
C14471,2
C14472,1
C14473,2
C14474,1
C14475,1
C14476,1
C14477,1
C14478,0
C14479,1
C14480,1
C14481,1
C14482,1
C14483,1
C14484,1
C14485,2
C14486,0
C14487,1
C14488,1
C14489,1
C14490,2
C14492,1
C14493,1
C14494,0
C14495,1
C14496,1
C14497,1
C14498,1
C14499,0
C14500,1
C14501,0
C14502,1
C14503,2
C14504,1
C14505,2
C14506,1
C14507,1
C14508,1
C14509,1
C14510,0
C14511,1
C14512,0
C14513,1
C14514,1
C14515,1
C14516,1
C14517,2
C14518,1
C14519,2
C14520,0
C14521,1
C14522,1
C14523,1
C14524,1
C14525,1
C14526,0
C14527,1
C14528,1
C14529,1
C14530,1
C14531,1
C14532,0
C14533,1
C14534,2
C14535,1
C14536,2
C14537,1
C14538,0
C14539,1
C14540,1
C14541,1
C14542,2
C14543,1
C14544,1
C14545,0
C14546,1
C14547,1
C14548,1
C14549,2
C14550,0
C14551,0
C14553,1
C14554,1
C14555,1
C14556,1
C14557,1
C14558,1
C14559,1
C14560,1
C14561,2
C14562,1
C14563,1
C14564,0
C14565,1
C14566,2
C14567,1
C14568,2
C14569,1
C14570,0
C14571,1
C14572,1
C14573,1
C14574,1
C14575,1
C14576,1
C14577,1
C14578,2
C14579,1
C14580,0
C14581,0
C14582,1
C14583,1
C14584,1
C14585,2
C14586,0
C14587,1
C14588,0
C14589,1
C14590,1
C14591,1
C14592,1
C14593,1
C14594,1
C14595,1
C14596,1
C14597,1
C14598,2
C14599,1
C14600,1
C14601,2
C14602,1
C14603,2
C14604,0
C14606,2
C14607,1
C14608,1
C14609,1
C14610,2
C14611,1
C14612,1
C14613,1
C14614,2
C14615,2
C14616,1
C14617,1
C14618,1
C14619,1
C14620,1
C14621,1
C14622,1
C14623,1
C14624,1
C14625,1
C14626,0
C14627,1
C14628,1
C14629,1
C14630,0
C14631,2
C14632,1
C14633,0
C14634,2
C14635,1
C14636,1
C14637,1
C14638,1
C14639,2
C14640,0
C14641,1
C14642,0
C14643,0
C14644,1
C14645,1
C14646,1
C14647,1
C14648,1
C14649,1
C14650,1
C14651,1
C14652,1
C14653,1
C14654,1
C14655,1
C14656,0
C14657,0
C14658,1
C14659,1
C14660,0
C14661,1
C14662,1
C14663,1
C14664,1
C14665,0
C14666,1
C14667,0
C14668,1
C14669,1
C14670,1
C14672,1
C14673,1
C14674,1
C14675,1
C14676,2
C14677,1
C14678,0
C14679,0
C14680,1
C14681,1
C14682,2
C14683,0
C14684,2
C14685,2
C14686,1
C14687,1
C14688,2
C14689,1
C14690,2
C14691,2
C14692,2
C14693,1
C14694,1
C14695,2
C14696,2
C14697,1
C14698,1
C14699,1
C14700,1
C14701,0
C14702,1
C14703,1
C14704,1
C14705,2
C14706,1
C14707,2
C14708,2
C14709,1
C14710,0
C14711,2
C14712,0
C14713,1
C14714,0
C14715,1
C14716,1
C14717,1
C14718,1
C14719,1
C14720,1
C14721,2
C14722,1
C14723,2
C14724,2
C14725,1
C14726,1
C14727,1
C14728,2
C14729,1
C14730,1
C14731,1
C14732,1
C14733,1
C14734,1
C14735,2
C14736,0
C14737,1
C14738,1
C14739,1
C14740,0
C14741,1
C14742,1
C14743,2
C14744,0
C14745,2
C14746,1
C14747,1
C14748,2
C14749,1
C14750,1
C14751,1
C14752,2
C14753,1
C14754,1
C14755,1
C14756,0
C14757,1
C14758,2
C14759,1
C14760,1
C14761,1
C14762,1
C14763,1
C14764,0
C14765,0
C14766,2
C14767,1
C14768,2
C14769,0
C14770,1
C14771,0
C14772,2
C14773,1
C14774,1
C14775,1
C14776,1
C14777,2
C14778,1
C14779,1
C14780,1
C14781,1
C14783,1
C14784,1
C14785,2
C14786,1
C14787,2
C14788,0
C14789,1
C14790,1
C14791,1
C14792,1
C14793,1
C14794,1
C14795,0
C14796,1
C14797,1
C14798,1
C14799,1
C14800,1
C14802,1
C14803,2
C14804,1
C14805,1
C14806,1
C14807,1
C14808,1
C14809,1
C14810,1
C14811,1
C14812,2
C14813,1
C14814,2
C14815,1
C14816,1
C14817,1
C14818,1
C14819,1
C14820,1
C14821,1
C14822,1
C14823,1
C14824,1
C14825,1
C14826,1
C14827,1
C14828,2
C14829,1
C14830,1
C14831,1
C14832,1
C14833,1
C14834,0
C14835,0
C14836,2
C14837,0
C14838,1
C14839,1
C14841,0
C14842,1
C14843,2
C14844,2
C14845,1
C14846,2
C14847,1
C14848,1
C14849,2
C14850,2
C14851,2
C14852,1
C14853,2
C14854,1
C14855,1
C14856,1
C14857,1
C14858,1
C14859,2
C14860,1
C14861,1
C14862,1
C14863,1
C14864,1
C14865,1
C14866,2
C14867,1
C14868,2
C14870,1
C14871,1
C14872,1
C14873,2
C14874,2
C14876,2
C14877,1
C14878,2
C14879,1
C14880,2
C14881,1
C14882,1
C14884,1
C14885,2
C14886,2
C14887,1
C14888,0
C14889,1
C14890,0
C14892,0
C14894,0
C14895,1
C14896,1
C14897,0
C14898,1
C14899,1
C14900,1
C14901,1
C14902,0
C14903,1
C14904,1
C14905,1
C14906,2
C14907,0
C14908,1
C14909,1
C14910,1
C14911,1
C14912,1
C14913,1
C14914,1
C14915,1
C14916,1
C14917,1
C14918,0
C14919,1
C14920,1
C14921,1
C14922,1
C14923,1
C14924,0
C14925,1
C14926,1
C14927,1
C14928,1
C14929,1
C14930,2
C14931,0
C14932,1
C14933,1
C14934,2
C14935,1
C14936,1
C14937,2
C14938,1
C14939,1
C14940,1
C14941,1
C14942,1
C14943,1
C14944,1
C14945,1
C14946,2
C14947,1
C14948,1
C14949,1
C14950,1
C14951,1
C14952,1
C14953,1
C14954,0
C14955,1
C14956,1
C14957,2
C14958,1
C14959,1
C14960,0
C14961,2
C14962,0
C14963,1
C14964,0
C14965,1
C14966,1
C14967,1
C14968,1
C14969,1
C14970,2
C14971,1
C14972,1
C14973,1
C14974,1
C14975,1
C14976,1
C14977,1
C14978,1
C14979,0
C14980,2
C14981,1
C14982,1
C14983,1
C14984,1
C14985,1
C14986,1
C14987,1
C14988,1
C14989,1
C14990,2
C14991,1
C14992,1
C14993,1
C14994,1
C14995,1
C14996,0
C14997,1
C14998,1
C15000,1
C15001,1
C15002,1
C15003,0
C15004,1
C15005,2
C15006,1
C15007,1
C15008,1
C15009,1
C15010,1
C15011,1
C15012,2
C15013,1
C15014,0
C15015,1
C15016,1
C15017,1
C15018,1
C15019,1
C15020,1
C15021,1
C15022,1
C15023,1
C15025,1
C15026,1
C15027,0
C15028,1
C15029,1
C15030,1
C15031,2
C15032,1
C15033,1
C15034,2
C15035,1
C15036,0
C15037,0
C15038,1
C15039,1
C15040,0
C15041,0
C15042,0
C15043,2
C15044,1
C15045,1
C15046,1
C15047,0
C15048,1
C15049,0
C15050,1
C15051,1
C15052,1
C15054,0
C15055,1
C15056,0
C15057,0
C15058,0
C15059,1
C15060,1
C15061,1
C15062,1
C15063,1
C15064,1
C15065,1
C15067,1
C15068,1
C15069,1
C15070,1
C15071,1
C15073,2
C15074,1
C15075,1
C15076,1
C15077,1
C15078,1
C15079,1
C15080,1
C15081,1
C15082,1
C15083,1
C15084,2
C15085,1
C15086,1
C15087,2
C15088,1
C15089,0
C15090,1
C15091,2
C15092,2
C15093,1
C15094,1
C15095,1
C15096,1
C15097,1
C15098,0
C15099,2
C15100,1
C15101,2
C15102,1
C15103,1
C15104,0
C15105,2
C15106,1
C15107,1
C15108,1
C15109,1
C15110,1
C15111,2
C15112,1
C15113,1
C15114,1
C15115,1
C15116,2
C15117,1
C15118,0
C15121,1
C15122,0
C15123,2
C15124,1
C15125,0
C15126,1
C15127,1
C15128,1
C15129,1
C15130,2
C15131,1
C15132,2
C15133,1
C15134,1
C15135,1
C15136,2
C15137,1
C15138,1
C15139,2
C15140,1
C15141,1
C15142,0
C15143,1
C15144,1
C15145,2
C15146,2
C15147,1
C15148,1
C15149,1
C15150,1
C15151,0
C15152,1
C15153,1
C15154,1
C15155,1
C15156,1
C15157,0
C15158,1
C15159,0
C15160,1
C15161,1
C15162,1
C15163,0
C15164,0
C15165,1
C15166,1
C15167,1
C15168,0
C15169,0
C15170,1
C15171,1
C15172,2
C15173,2
C15174,2
C15175,1
C15177,2
C15178,1
C15179,1
C15180,2
C15181,0
C15182,1
C15183,1
C15184,2
C15185,1
C15186,0
C15187,2
C15188,0
C15189,1
C15190,0
C15191,1
C15192,1
C15193,0
C15194,2
C15195,2
C15196,0
C15197,1
C15198,1
C15199,1
C15200,1
C15201,2
C15202,1
C15203,2
C15204,1
C15206,1
C15207,1
C15208,0
C15209,1
C15210,1
C15211,2
C15212,2
C15213,1
C15214,1
C15215,1
C15216,1
C15217,1
C15218,1
C15219,1
C15220,1
C15221,0
C15222,2
C15223,1
C15224,1
C15225,1
C15226,2
C15227,1
C15228,1
C15229,0
C15230,1
C15232,0
C15233,0
C15234,1
C15235,0
C15236,1
C15237,1
C15239,0
C15240,1
C15241,1
C15242,1
C15243,1
C15244,1
C15245,1
C15246,2
C15247,1
C15248,1
C15249,1
C15250,1
C15251,1
C15252,1
C15253,1
C15254,1
C15255,1
C15256,0
C15257,1
C15258,1
C15259,1
C15260,1
C15261,2
C15262,1
C15263,1
C15264,1
C15265,1
C15266,1
C15267,1
C15268,2
C15269,1
C15270,1
C15271,1
C15272,1
C15273,0
C15274,0
C15275,1
C15276,1
C15277,2
C15278,1
C15279,2
C15280,0
C15281,0
C15282,0
C15283,1
C15284,2
C15285,2
C15286,1
C15287,1
C15288,1
C15289,1
C15290,1
C15291,1
C15292,1
C15293,1
C15294,1
C15295,1
C15296,1
C15297,1
C15298,0
C15299,2
C15300,1
C15301,0
C15302,1
C15303,1
C15304,1
C15305,1
C15306,1
C15307,1
C15308,2
C15309,1
C15310,1
C15311,2
C15312,1
C15313,0
C15314,1
C15315,1
C15316,2
C15317,1
C15318,1
C15319,1
C15320,0
C15321,1
C15322,1
C15323,2
C15324,1
C15325,1
C15326,2
C15327,1
C15328,1
C15329,1
C15330,1
C15331,1
C15332,1
C15333,1
C15334,0
C15335,1
C15336,1
C15337,1
C15338,1
C15339,0
C15341,1
C15342,1
C15343,0
C15344,2
C15345,1
C15346,1
C15347,2
C15348,0
C15349,1
C15350,2
C15351,1
C15352,1
C15353,1
C15354,0
C15355,1
C15356,1
C15357,1
C15358,0
C15359,1
C15360,2
C15361,1
C15362,1
C15364,0
C15365,0
C15366,1
C15367,2
C15368,0
C15369,1
C15370,1
C15371,1
C15372,2
C15373,0
C15374,1
C15375,1
C15376,0
C15377,1
C15378,1
C15379,1
C15380,1
C15381,1
C15382,1
C15383,1
C15384,1
C15385,1
C15386,1
C15387,0
C15388,1
C15389,1
C15390,2
C15391,1
C15392,1
C15393,1
C15394,1
C15395,1
C15396,1
C15397,1
C15398,1
C15399,1
C15400,1
C15401,1
C15402,2
C15403,1
C15404,1
C15405,1
C15406,1
C15407,0
C15408,1
C15409,1
C15410,1
C15411,0
C15412,1
C15413,2
C15414,0
C15415,0
C15417,1
C15418,1
C15419,2
C15420,1
C15421,0
C15422,2
C15423,0
C15424,0
C15425,1
C15426,1
C15427,1
C15428,0
C15429,2
C15430,2
C15431,1
C15432,1
C15433,1
C15435,1
C15436,2
C15437,1
C15438,1
C15439,1
C15440,1
C15441,1
C15442,1
C15443,1
C15444,2
C15445,2
C15446,1
C15448,0
C15449,1
C15450,1
C15451,1
C15452,1
C15453,1
C15454,1
C15455,1
C15456,1
C15457,1
C15459,1
C15460,1
C15461,0
C15462,2
C15463,2
C15464,1
C15465,1
C15466,1
C15467,1
C15469,1
C15470,1
C15471,2
C15472,1
C15473,1
C15474,1
C15475,1
C15476,1
C15477,1
C15478,1
C15479,0
C15480,1
C15481,1
C15482,2
C15483,1
C15484,1
C15485,1
C15486,0
C15487,1
C15488,1
C15489,1
C15490,0
C15491,1
C15492,0
C15493,2
C15494,1
C15495,1
C15496,1
C15497,2
C15498,1
C15499,0
C15500,1
C15501,2
C15502,1
C15503,1
C15504,1
C15505,1
C15506,1
C15507,1
C15508,2
C15509,1
C15510,0
C15511,1
C15512,2
C15513,1
C15514,1
C15515,2
C15516,1
C15517,1
C15519,2
C15520,1
C15521,1
C15522,1
C15523,2
C15524,2
C15525,1
C15526,1
C15527,2
C15528,1
C15529,1
C15530,0
C15531,1
C15532,1
C15533,1
C15534,2
C15535,1
C15536,1
C15537,1
C15538,2
C15539,1
C15540,2
C15541,1
C15542,2
C15543,1
C15544,1
C15545,1
C15546,1
C15547,1
C15548,2
C15549,1
C15550,0
C15551,1
C15552,1
C15553,0
C15554,0
C15555,1
C15556,1
C15557,0
C15558,1
C15559,1
C15560,1
C15561,2
C15562,0
C15563,2
C15564,1
C15565,1
C15566,1
C15567,1
C15568,1
C15569,1
C15570,1
C15571,0
C15572,1
C15573,1
C15574,0
C15575,2
C15576,2
C15577,1
C15578,1
C15579,1
C15580,0
C15581,1
C15582,1
C15583,1
C15584,1
C15585,1
C15586,1
C15587,2
C15588,1
C15589,1
C15590,1
C15591,1
C15592,1
C15593,2
C15594,1
C15595,1
C15596,1
C15597,0
C15598,2
C15599,2
C15600,0
C15601,1
C15602,1
C15603,0
C15604,1
C15605,2
C15606,0
C15607,0
C15608,1
C15609,1
C15610,1
C15611,1
C15612,1
C15613,2
C15614,2
C15615,1
C15616,1
C15617,1
C15618,1
C15619,1
C15620,1
C15621,2
C15622,1
C15623,1
C15624,1
C15625,0
C15626,1
C15627,1
C15628,0
C15629,0
C15630,1
C15631,1
C15632,1
C15633,1
C15634,2
C15636,1
C15637,2
C15638,1
C15639,1
C15640,2
C15641,1
C15642,2
C15643,2
C15644,1
C15645,1
C15646,1
C15647,2
C15648,1
C15649,0
C15650,1
C15651,2
C15652,1
C15653,2
C15654,0
C15655,1
C15656,1
C15657,1
C15658,2
C15659,1
C15660,1
C15661,2
C15662,1
C15663,1
C15664,1
C15666,1
C15667,1
C15668,1
C15669,0
C15670,0
C15671,0
C15672,1
C15673,1
C15674,1
C15675,2
C15676,1
C15677,2
C15678,0
C15680,1
C15681,0
C15682,1
C15683,1
C15684,1
C15685,1
C15686,1
C15687,0
C15688,1
C15689,1
C15690,1
C15691,1
C15692,1
C15693,1
C15694,2
C15695,1
C15696,1
C15697,1
C15698,1
C15699,2
C15700,0
C15701,0
C15702,1
C15703,0
C15704,2
C15705,0
C15706,1
C15707,1
C15708,1
C15709,2
C15710,1
C15711,1
C15712,1
C15713,2
C15714,1
C15715,1
C15716,1
C15717,1
C15718,1
C15719,0
C15720,1
C15721,1
C15722,2
C15723,0
C15724,2
C15725,2
C15726,1
C15727,1
C15728,2
C15729,0
C15730,1
C15731,0
C15732,1
C15733,1
C15734,1
C15735,1
C15736,2
C15737,2
C15738,1
C15739,1
C15740,1
C15741,2
C15742,0
C15743,2
C15744,1
C15745,1
C15746,1
C15747,1
C15748,1
C15749,1
C15750,1
C15751,1
C15752,2
C15753,0
C15754,2
C15755,0
C15756,1
C15757,1
C15758,2
C15759,1
C15760,1
C15761,1
C15762,1
C15763,2
C15764,1
C15765,1
C15766,2
C15767,1
C15768,1
C15769,1
C15770,0
C15771,1
C15773,1
C15774,1
C15775,1
C15776,1
C15777,1
C15778,1
C15779,2
C15780,1
C15781,1
C15782,1
C15783,1
C15784,1
C15785,1
C15786,1
C15787,1
C15789,1
C15790,2
C15791,1
C15792,1
C15793,1
C15794,2
C15795,1
C15796,1
C15797,1
C15798,1
C15799,1
C15800,1
C15801,1
C15802,1
C15803,0
C15804,2
C15805,1
C15806,1
C15807,0
C15808,1
C15809,1
C15810,1
C15811,1
C15812,1
C15813,1
C15814,1
C15815,2
C15816,1
C15817,1
C15818,1
C15819,2
C15820,2
C15821,1
C15822,1
C15823,2
C15824,1
C15825,2
C15826,1
C15827,1
C15828,1
C15829,1
C15830,1
C15831,0
C15832,0
C15833,1
C15834,1
C15835,1
C15836,1
C15837,1
C15838,1
C15839,1
C15840,1
C15841,1
C15842,1
C15843,1
C15844,1
C15845,0
C15846,1
C15847,1
C15848,1
C15849,1
C15850,1
C15851,1
C15852,0
C15853,0
C15854,1
C15856,1
C15857,1
C15858,1
C15859,2
C15860,1
C15861,1
C15862,1
C15863,2
C15864,2
C15865,1
C15866,1
C15867,1
C15868,1
C15869,1
C15870,2
C15871,1
C15872,0
C15873,1
C15874,1
C15875,2
C15876,2
C15877,1
C15878,1
C15879,2
C15880,2
C15881,1
C15882,1
C15883,1
C15885,1
C15886,2
C15887,1
C15888,1
C15889,1
C15890,1
C15891,1
C15892,1
C15893,2
C15894,1
C15895,1
C15896,2
C15897,2
C15898,1
C15899,1
C15900,2
C15901,2
C15902,0
C15903,1
C15904,0
C15905,1
C15906,1
C15907,1
C15908,1
C15909,1
C15910,1
C15912,0
C15913,1
C15914,1
C15915,2
C15916,1
C15917,1
C15918,1
C15919,1
C15920,1
C15921,1
C15922,1
C15923,0
C15924,1
C15925,1
C15926,1
C15927,1
C15928,1
C15929,1
C15930,1
C15931,1
C15932,0
C15933,2
C15934,1
C15935,1
C15936,1
C15937,1
C15938,1
C15939,1
C15940,2
C15941,2
C15943,1
C15944,1
C15945,1
C15946,1
C15947,1
C15948,1
C15949,1
C15950,1
C15951,2
C15952,1
C15953,1
C15954,1
C15955,1
C15956,0
C15957,1
C15958,2
C15959,2
C15960,1
C15961,1
C15962,1
C15963,2
C15965,1
C15966,1
C15967,0
C15968,0
C15969,1
C15970,0
C15971,1
C15972,1
C15973,1
C15974,1
C15975,0
C15976,1
C15977,2
C15978,0
C15979,1
C15980,2
C15981,1
C15982,1
C15983,1
C15984,1
C15985,1
C15986,2
C15987,1
C15988,1
C15989,0
C15990,1
C15991,1
C15992,1
C15993,2
C15994,0
C15995,0
C15996,1
C15997,1
C15998,2
C15999,1
C16000,1
C16001,2
C16002,0
C16003,2
C16004,1
C16005,2
C16007,1
C16008,1
C16009,1
C16010,1
C16011,0
C16012,1
C16013,1
C16014,2
C16015,2
C16016,0
C16017,1
C16018,1
C16019,1
C16020,2
C16021,1
C16022,1
C16023,1
C16024,0
C16025,0
C16026,1
C16028,1
C16029,1
C16030,2
C16031,0
C16032,1
C16033,1
C16034,1
C16035,1
C16036,1
C16037,1
C16038,1
C16039,1
C16040,1
C16041,1
C16042,1
C16043,1
C16045,1
C16046,2
C16047,1
C16048,1
C16049,0
C16050,1
C16051,1
C16052,1
C16053,2
C16054,1
C16055,1
C16056,0
C16057,1
C16058,1
C16059,2
C16060,1
C16061,1
C16062,1
C16063,1
C16064,1
C16065,1
C16066,1
C16067,1
C16068,1
C16069,2
C16070,1
C16071,1
C16072,1
C16073,1
C16074,1
C16075,2
C16076,1
C16077,1
C16078,1
C16079,2
C16080,1
C16081,1
C16082,1
C16083,1
C16084,1
C16085,2
C16086,1
C16087,1
C16088,1
C16089,1
C16090,1
C16091,1
C16092,2
C16093,1
C16094,1
C16095,0
C16096,1
C16097,1
C16098,1
C16099,1
C16100,2
C16101,0
C16102,0
C16103,0
C16104,1
C16105,1
C16106,1
C16107,1
C16108,2
C16109,1
C16110,2
C16111,0
C16112,1
C16113,1
C16114,2
C16115,1
C16116,1
C16117,1
C16118,2
C16119,1
C16120,1
C16121,1
C16122,1
C16123,1
C16124,1
C16125,1
C16126,1
C16127,1
C16128,1
C16129,1
C16130,0
C16131,0
C16132,1
C16133,1
C16134,2
C16135,1
C16136,2
C16137,1
C16138,0
C16139,1
C16140,1
C16141,1
C16142,1
C16143,2
C16144,1
C16145,1
C16146,1
C16147,0
C16148,2
C16149,1
C16150,1
C16151,1
C16153,1
C16154,1
C16155,2
C16157,2
C16158,2
C16159,1
C16160,1
C16161,2
C16162,2
C16163,1
C16164,1
C16165,0
C16166,1
C16167,2
C16168,0
C16169,1
C16171,1
C16172,1
C16173,2
C16174,1
C16175,1
C16176,1
C16177,1
C16178,0
C16179,1
C16180,1
C16181,1
C16182,1
C16184,1
C16185,2
C16186,1
C16187,1
C16188,1
C16189,1
C16190,1
C16191,0
C16192,1
C16193,1
C16194,1
C16195,1
C16196,1
C16197,0
C16198,0
C16199,1
C16200,1
C16201,1
C16202,1
C16203,0
C16204,1
C16205,1
C16206,1
C16207,1
C16208,0
C16209,1
C16210,0
C16212,0
C16213,1
C16214,0
C16215,1
C16216,2
C16217,2
C16218,2
C16219,1
C16220,0
C16221,0
C16222,1
C16223,1
C16224,1
C16225,1
C16226,0
C16227,1
C16228,0
C16229,1
C16230,1
C16231,0
C16232,1
C16233,1
C16234,0
C16235,1
C16236,0
C16237,1
C16238,2
C16239,1
C16240,1
C16241,1
C16242,1
C16243,1
C16244,2
C16245,2
C16246,1
C16247,0
C16248,1
C16249,2
C16250,2
C16251,1
C16252,1
C16253,1
C16254,1
C16255,0
C16256,1
C16257,1
C16258,1
C16259,1
C16260,1
C16261,0
C16262,0
C16263,1
C16264,2
C16265,1
C16266,1
C16267,0
C16268,1
C16269,1
C16270,1
C16271,1
C16272,1
C16273,2
C16274,1
C16275,1
C16276,1
C16277,2
C16278,1
C16279,1
C16280,0
C16281,1
C16282,1
C16283,2
C16284,1
C16285,1
C16286,1
C16287,1
C16288,1
C16289,1
C16290,1
C16291,2
C16292,0
C16293,1
C16294,2
C16295,2
C16296,1
C16297,2
C16298,1
C16299,0
C16300,2
C16301,1
C16302,0
C16303,2
C16304,1
C16305,1
C16306,1
C16307,1
C16308,1
C16309,2
C16310,1
C16311,2
C16312,0
C16313,2
C16314,2
C16315,2
C16316,1
C16317,2
C16318,1
C16319,1
C16320,1
C16321,1
C16322,0
C16323,1
C16324,0
C16325,1
C16326,0
C16327,1
C16328,1
C16329,2
C16330,1
C16331,1
C16332,2
C16333,1
C16334,1
C16335,1
C16336,2
C16337,2
C16338,2
C16339,1
C16340,1
C16341,1
C16342,1
C16343,2
C16345,1
C16346,0
C16347,1
C16348,0
C16349,1
C16350,1
C16351,1
C16352,1
C16353,2
C16354,1
C16355,1
C16356,0
C16357,1
C16358,1
C16359,1
C16360,1
C16361,1
C16362,1
C16363,1
C16364,1
C16365,1
C16366,1
C16367,1
C16369,1
C16370,1
C16371,0
C16372,1
C16373,2
C16374,1
C16375,1
C16376,1
C16377,1
C16378,2
C16379,0
C16380,1
C16381,2
C16382,1
C16383,1
C16384,2
C16385,2
C16386,1
C16387,1
C16388,2
C16389,0
C16390,1
C16391,1
C16392,0
C16393,1
C16394,1
C16395,1
C16396,2
C16397,1
C16398,1
C16399,1
C16400,1
C16401,2
C16402,1
C16403,0
C16404,1
C16405,1
C16406,1
C16407,1
C16408,1
C16409,1
C16410,1
C16411,1
C16412,1
C16414,2
C16415,2
C16416,1
C16417,1
C16418,2
C16419,1
C16421,1
C16422,2
C16423,1
C16424,0
C16425,1
C16426,2
C16427,1
C16428,1
C16429,1
C16430,2
C16431,1
C16432,1
C16433,0
C16434,2
C16435,1
C16436,1
C16437,1
C16438,1
C16439,0
C16440,1
C16441,2
C16442,1
C16443,1
C16444,1
C16445,1
C16446,1
C16447,2
C16448,0
C16449,1
C16450,0
C16451,1
C16452,1
C16453,1
C16454,0
C16455,1
C16456,1
C16457,2
C16458,1
C16459,0
C16460,2
C16461,1
C16462,0
C16463,2
C16464,1
C16465,0
C16466,1
C16467,0
C16468,2
C16469,2
C16470,1
C16471,0
C16472,0
C16473,1
C16474,1
C16475,1
C16476,1
C16477,1
C16478,1
C16479,0
C16480,0
C16481,1
C16482,1
C16483,2
C16484,1
C16485,1
C16486,1
C16487,1
C16488,1
C16489,1
C16490,1
C16491,1
C16492,1
C16493,2
C16494,0
C16495,0
C16496,1
C16497,1
C16498,0
C16499,2
C16500,1
C16501,2
C16502,1
C16503,1
C16504,0
C16505,2
C16506,0
C16507,1
C16508,2
C16509,0
C16510,1
C16511,0
C16512,1
C16513,1
C16514,1
C16515,1
C16516,2
C16517,1
C16518,1
C16519,2
C16520,1
C16521,2
C16522,1
C16523,1
C16524,1
C16525,1
C16526,2
C16527,0
C16528,1
C16529,1
C16530,2
C16531,1
C16532,1
C16533,1
C16534,1
C16535,2
C16536,2
C16537,1
C16538,1
C16539,2
C16540,1
C16541,1
C16542,1
C16543,2
C16544,1
C16545,1
C16546,2
C16547,1
C16548,1
C16549,1
C16550,1
C16551,1
C16552,1
C16553,2
C16554,1
C16555,0
C16556,1
C16557,2
C16558,1
C16559,1
C16560,1
C16561,1
C16562,1
C16563,1
C16564,1
C16565,0
C16566,1
C16567,1
C16568,2
C16569,1
C16570,1
C16571,1
C16572,2
C16573,1
C16574,1
C16575,1
C16576,1
C16577,1
C16578,1
C16579,0
C16580,2
C16581,2
C16583,1
C16584,2
C16585,1
C16586,1
C16587,2
C16588,2
C16589,1
C16590,1
C16591,1
C16592,1
C16593,2
C16594,1
C16595,2
C16596,1
C16597,2
C16598,2
C16599,1
C16600,0
C16601,1
C16602,0
C16603,1
C16604,0
C16605,0
C16606,2
C16607,0
C16608,1
C16609,2
C16610,1
C16611,0
C16612,1
C16613,1
C16614,1
C16615,1
C16616,1
C16617,1
C16618,1
C16619,0
C16620,1
C16621,2
C16622,1
C16623,1
C16625,1
C16626,1
C16627,1
C16628,2
C16629,1
C16630,1
C16631,1
C16632,2
C16633,1
C16634,1
C16635,1
C16636,0
C16637,1
C16638,1
C16639,1
C16640,1
C16641,1
C16642,1
C16643,1
C16644,1
C16645,1
C16646,1
C16647,1
C16648,1
C16650,1
C16651,1
C16652,2
C16653,1
C16654,1
C16655,2
C16656,1
C16657,2
C16658,0
C16659,1
C16660,1
C16661,1
C16662,2
C16663,2
C16664,1
C16665,1
C16666,2
C16667,1
C16668,1
C16669,1
C16670,1
C16671,1
C16672,2
C16673,1
C16674,0
C16675,1
C16676,1
C16677,0
C16678,1
C16679,1
C16680,1
C16681,1
C16682,1
C16683,1
C16684,1
C16685,1
C16686,1
C16687,1
C16688,1
C16689,1
C16690,0
C16691,1
C16692,1
C16693,1
C16694,0
C16695,1
C16697,1
C16698,1
C16699,1
C16700,2
C16701,1
C16702,1
C16703,1
C16704,1
C16705,1
C16706,1
C16707,1
C16708,1
C16709,1
C16710,1
C16711,1
C16712,1
C16713,1
C16714,1
C16715,1
C16716,1
C16717,2
C16718,1
C16719,1
C16720,1
C16721,1
C16722,1
C16723,1
C16724,1
C16725,1
C16726,1
C16727,1
C16728,1
C16729,2
C16730,1
C16731,1
C16732,1
C16733,0
C16734,1
C16735,1
C16736,2
C16737,1
C16738,1
C16739,0
C16740,1
C16741,1
C16742,1
C16743,2
C16744,1
C16745,2
C16746,1
C16747,2
C16748,1
C16749,1
C16750,1
C16751,1
C16752,1
C16753,1
C16755,1
C16757,2
C16758,0
C16759,1
C16760,1
C16761,1
C16762,0
C16763,1
C16764,1
C16765,1
C16766,1
C16767,2
C16768,0
C16769,1
C16770,2
C16771,1
C16772,1
C16773,1
C16774,2
C16775,1
C16776,1
C16777,2
C16778,1
C16779,2
C16780,1
C16781,0
C16782,2
C16784,1
C16785,0
C16786,1
C16787,1
C16789,1
C16790,1
C16791,1
C16792,1
C16793,1
C16794,1
C16795,2
C16796,1
C16797,1
C16798,1
C16799,0
C16800,1
C16801,1
C16802,1
C16803,1
C16804,1
C16805,2
C16806,0
C16807,0
C16808,1
C16809,0
C16810,0
C16811,1
C16812,0
C16813,1
C16814,1
C16815,0
C16816,2
C16817,1
C16818,0
C16819,1
C16820,1
C16821,1
C16822,1
C16823,0
C16824,1
C16825,1
C16826,1
C16827,1
C16828,1
C16829,1
C16831,0
C16832,1
C16833,1
C16834,0
C16835,1
C16836,1
C16837,2
C16838,2
C16839,1
C16840,1
C16841,1
C16842,1
C16843,1
C16844,1
C16845,1
C16847,1
C16849,1
C16850,1
C16851,1
C16852,0
C16854,2
C16855,1
C16856,1
C16857,2
C16858,1
C16859,1
C16860,1
C16861,1
C16862,1
C16863,2
C16864,1
C16865,0
C16866,2
C16867,1
C16868,2
C16869,2
C16870,2
C16871,1
C16872,1
C16873,0
C16874,1
C16875,1
C16876,0
C16877,1
C16878,1
C16880,1
C16881,0
C16882,1
C16883,1
C16884,2
C16885,1
C16886,1
C16887,1
C16888,1
C16889,2
C16890,2
C16891,1
C16892,0
C16893,1
C16894,1
C16895,2
C16896,1
C16897,0
C16898,1
C16899,1
C16900,1
C16901,0
C16902,1
C16903,1
C16904,2
C16905,1
C16906,2
C16907,1
C16908,1
C16909,1
C16910,1
C16911,1
C16912,1
C16913,1
C16914,2
C16915,1
C16916,1
C16917,1
C16918,1
C16919,1
C16920,1
C16921,1
C16922,1
C16923,1
C16924,1
C16925,1
C16926,1
C16927,1
C16928,1
C16929,1
C16930,2
C16931,1
C16932,1
C16933,0
C16934,1
C16935,0
C16936,1
C16937,0
C16938,0
C16939,1
C16940,1
C16941,1
C16942,1
C16943,1
C16944,2
C16945,1
C16946,2
C16947,2
C16948,1
C16949,1
C16950,1
C16951,1
C16952,1
C16953,1
C16954,1
C16955,2
C16956,1
C16957,1
C16958,1
C16959,1
C16960,1
C16961,1
C16962,1
C16963,1
C16964,1
C16965,1
C16966,1
C16967,1
C16968,1
C16969,2
C16970,1
C16971,1
C16972,1
C16973,2
C16974,2
C16975,1
C16976,0
C16977,1
C16978,1
C16979,1
C16980,2
C16981,1
C16982,1
C16983,1
C16984,1
C16985,1
C16986,0
C16987,1
C16988,1
C16989,1
C16990,1
C16991,1
C16992,1
C16993,1
C16994,2
C16995,1
C16996,1
C16997,1
C16998,1
C16999,1
C17000,1
C17001,1
C17002,1
C17003,1
C17004,1
C17005,1
C17006,0
C17007,1
C17008,1
C17009,1
C17010,2
C17011,1
C17012,1
C17013,1
C17014,2
C17015,1
C17016,1
C17017,2
C17018,1
C17019,1
C17020,1
C17021,1
C17022,1
C17023,0
C17024,1
C17025,1
C17026,2
C17027,1
C17028,1
C17029,1
C17030,1
C17031,1
C17032,1
C17033,1
C17034,1
C17035,1
C17036,1
C17037,1
C17038,1
C17039,2
C17040,1
C17041,1
C17042,1
C17043,1
C17044,1
C17045,0
C17046,2
C17047,1
C17048,1
C17049,1
C17050,1
C17051,2
C17052,2
C17053,1
C17054,1
C17055,1
C17056,2
C17057,1
C17058,1
C17059,1
C17060,2
C17062,1
C17063,1
C17064,1
C17065,1
C17066,1
C17067,1
C17068,1
C17069,1
C17070,1
C17071,1
C17072,2
C17073,2
C17074,1
C17075,1
C17076,1
C17077,1
C17078,2
C17079,1
C17080,1
C17081,1
C17082,2
C17083,1
C17084,0
C17085,1
C17086,1
C17087,2
C17088,1
C17089,2
C17090,1
C17091,1
C17092,1
C17093,1
C17094,2
C17095,0
C17096,1
C17097,1
C17098,2
C17099,2
C17100,1
C17101,1
C17102,1
C17103,2
C17104,1
C17105,0
C17106,1
C17107,1
C17108,1
C17109,1
C17110,1
C17111,1
C17112,1
C17113,1
C17114,1
C17115,2
C17116,1
C17117,1
C17118,0
C17119,1
C17120,1
C17121,1
C17122,1
C17123,1
C17124,1
C17125,1
C17126,1
C17127,1
C17128,1
C17129,1
C17130,1
C17131,1
C17132,2
C17133,0
C17134,1
C17135,1
C17136,1
C17137,1
C17138,2
C17139,1
C17140,2
C17141,1
C17142,1
C17143,1
C17144,1
C17145,2
C17146,1
C17147,1
C17148,1
C17149,1
C17150,1
C17151,1
C17152,2
C17153,2
C17154,2
C17156,1
C17157,1
C17158,1
C17159,2
C17160,1
C17161,1
C17162,1
C17163,1
C17164,1
C17165,1
C17166,1
C17167,1
C17168,0
C17169,1
C17170,1
C17172,1
C17173,1
C17174,1
C17175,1
C17176,1
C17177,2
C17178,1
C17179,1
C17180,1
C17181,0
C17182,1
C17183,0
C17184,1
C17185,1
C17186,2
C17187,1
C17188,2
C17189,1
C17190,1
C17191,1
C17192,1
C17193,1
C17194,1
C17195,1
C17196,1
C17197,1
C17198,1
C17199,0
C17200,1
C17201,1
C17202,2
C17203,1
C17204,0
C17205,1
C17206,2
C17207,1
C17208,1
C17209,1
C17210,1
C17211,1
C17212,2
C17213,1
C17214,1
C17215,1
C17216,1
C17217,1
C17218,2
C17219,1
C17220,1
C17221,1
C17222,1
C17223,1
C17224,1
C17225,1
C17226,1
C17227,1
C17228,1
C17229,1
C17230,1
C17231,2
C17232,2
C17233,1
C17234,1
C17235,1
C17236,1
C17237,0
C17239,1
C17240,1
C17241,1
C17242,2
C17243,1
C17244,1
C17245,1
C17246,1
C17247,1
C17248,1
C17249,1
C17250,1
C17251,1
C17252,1
C17253,1
C17254,1
C17255,1
C17256,2
C17257,1
C17258,1
C17259,1
C17260,1
C17261,1
C17262,1
C17263,1
C17264,1
C17265,2
C17266,1
C17267,1
C17268,1
C17269,2
C17270,0
C17271,1
C17272,2
C17273,1
C17274,1
C17275,1
C17276,1
C17277,1
C17278,2
C17279,1
C17280,1
C17281,1
C17282,1
C17283,1
C17284,1
C17285,1
C17286,1
C17287,1
C17288,1
C17289,1
C17290,0
C17291,1
C17292,1
C17293,1
C17294,1
C17295,1
C17296,1
C17297,1
C17298,1
C17299,1
C17300,1
C17302,1
C17303,1
C17304,0
C17305,1
C17306,1
C17307,1
C17308,1
C17309,1
C17310,1
C17311,0
C17312,1
C17313,1
C17314,1
C17315,0
C17316,1
C17317,0
C17318,1
C17319,1
C17320,0
C17321,1
C17322,1
C17323,1
C17324,1
C17325,2
C17326,2
C17327,1
C17328,1
C17329,1
C17330,1
C17331,1
C17332,1
C17334,1
C17335,1
C17336,1
C17337,1
C17338,1
C17339,1
C17340,1
C17341,1
C17342,1
C17343,1
C17344,0
C17345,1
C17346,0
C17347,1
C17348,1
C17349,1
C17350,2
C17351,2
C17352,1
C17353,1
C17354,1
C17355,2
C17356,2
C17357,1
C17358,1
C17359,2
C17360,1
C17361,1
C17362,1
C17363,1
C17364,1
C17365,1
C17366,1
C17367,1
C17368,1
C17369,0
C17370,1
C17371,1
C17372,2
C17373,1
C17374,1
C17376,2
C17377,2
C17378,1
C17379,0
C17380,1
C17381,1
C17382,1
C17383,1
C17384,1
C17385,1
C17386,1
C17387,2
C17388,2
C17389,1
C17390,2
C17391,1
C17392,1
C17393,2
C17394,2
C17395,2
C17396,1
C17397,2
C17398,1
C17399,2
C17400,1
C17401,1
C17402,1
C17403,1
C17404,1
C17405,2
C17406,2
C17407,2
C17408,1
C17409,1
C17410,1
C17411,1
C17412,2
C17413,1
C17414,2
C17415,1
C17416,1
C17417,2
C17418,1
C17419,1
C17420,1
C17421,1
C17422,1
C17423,1
C17424,1
C17425,1
C17426,2
C17427,1
C17428,2
C17429,2
C17430,1
C17431,2
C17432,1
C17433,1
C17434,2
C17435,1
C17436,1
C17437,1
C17438,1
C17439,1
C17440,2
C17441,1
C17442,1
C17443,1
C17444,1
C17445,1
C17446,1
C17448,0
C17449,1
C17450,2
C17451,1
C17452,1
C17453,1
C17454,1
C17455,1
C17456,1
C17457,1
C17458,1
C17459,1
C17460,1
C17461,0
C17462,1
C17463,1
C17464,1
C17465,1
C17466,0
C17467,1
C17468,2
C17469,2
C17470,1
C17471,1
C17472,2
C17473,0
C17474,1
C17476,2
C17477,1
C17478,1
C17479,1
C17480,1
C17481,1
C17482,1
C17483,0
C17484,1
C17485,1
C17486,1
C17487,2
C17488,2
C17489,1
C17490,1
C17491,1
C17492,1
C17493,1
C17494,2
C17495,1
C17496,1
C17497,1
C17498,1
C17499,1
C17500,2
C17501,1
C17502,1
C17503,1
C17504,1
C17505,1
C17506,1
C17507,1
C17508,1
C17509,1
C17510,1
C17511,1
C17512,1
C17513,1
C17514,1
C17515,1
C17516,0
C17517,1
C17518,1
C17519,1
C17521,1
C17522,1
C17523,1
C17524,1
C17525,1
C17526,1
C17527,1
C17528,0
C17529,1
C17530,1
C17531,2
C17532,1
C17533,2
C17534,0
C17535,0
C17536,2
C17538,2
C17539,1
C17540,1
C17541,0
C17542,1
C17543,2
C17544,1
C17545,1
C17546,1
C17547,1
C17548,1
C17549,0
C17550,1
C17551,1
C17553,1
C17554,1
C17555,1
C17556,1
C17557,1
C17558,1
C17559,1
C17560,1
C17561,0
C17562,1
C17563,2
C17565,1
C17566,1
C17567,1
C17568,2
C17569,1
C17570,1
C17571,1
C17572,1
C17573,0
C17574,1
C17575,1
C17576,2
C17577,1
C17578,1
C17579,0
C17580,1
C17581,1
C17582,1
C17583,1
C17584,1
C17585,2
C17586,1
C17587,1
C17588,1
C17589,1
C17590,2
C17591,1
C17593,1
C17594,1
C17595,1
C17596,1
C17597,1
C17598,2
C17599,1
C17600,1
C17601,1
C17602,1
C17603,1
C17604,1
C17605,2
C17606,1
C17607,1
C17608,1
C17609,1
C17610,1
C17611,1
C17612,1
C17613,1
C17614,2
C17615,1
C17616,1
C17617,1
C17618,1
C17619,0
C17620,1
C17621,1
C17622,2
C17623,1
C17624,1
C17625,1
C17626,1
C17628,1
C17629,2
C17630,2
C17631,2
C17632,0
C17633,1
C17634,1
C17635,2
C17636,2
C17637,1
C17638,1
C17639,1
C17640,1
C17641,1
C17642,1
C17643,1
C17644,1
C17645,1
C17646,2
C17647,1
C17648,1
C17649,1
C17650,1
C17651,1
C17652,1
C17653,1
C17654,1
C17655,1
C17656,1
C17657,1
C17658,0
C17659,1
C17660,1
C17661,0
C17662,1
C17663,1
C17664,2
C17665,1
C17666,1
C17667,1
C17668,1
C17669,0
C17670,2
C17671,1
C17672,1
C17673,1
C17674,1
C17675,1
C17676,1
C17677,2
C17678,1
C17679,1
C17680,1
C17681,1
C17682,1
C17683,1
C17684,1
C17685,1
C17686,2
C17687,0
C17688,1
C17689,1
C17690,2
C17691,1
C17692,1
C17693,0
C17694,1
C17695,1
C17696,1
C17697,1
C17698,1
C17699,1
C17700,1
C17701,1
C17702,1
C17703,1
C17704,1
C17705,1
C17706,2
C17707,1
C17708,1
C17709,1
C17710,1
C17711,0
C17712,1
C17713,1
C17714,0
C17715,1
C17716,0
C17717,0
C17718,1
C17719,1
C17720,1
C17721,1
C17722,1
C17723,1
C17724,0
C17726,1
C17727,1
C17728,1
C17729,1
C17730,1
C17731,0
C17732,1
C17733,1
C17734,1
C17735,1
C17736,1
C17737,1
C17738,2
C17739,1
C17740,1
C17741,1
C17742,2
C17743,1
C17744,1
C17745,1
C17746,1
C17747,1
C17748,1
C17749,1
C17750,1
C17751,1
C17752,1
C17753,1
C17754,2
C17755,2
C17756,1
C17757,0
C17758,1
C17759,2
C17760,1
C17761,1
C17762,1
C17763,1
C17764,2
C17765,1
C17767,1
C17768,1
C17769,1
C17770,0
C17771,1
C17772,1
C17773,0
C17774,1
C17776,1
C17777,1
C17778,1
C17779,1
C17780,1
C17781,1
C17782,1
C17783,1
C17784,1
C17785,1
C17786,1
C17787,1
C17788,1
C17789,2
C17790,1
C17791,1
C17792,0
C17793,0
C17794,1
C17795,2
C17796,1
C17797,1
C17798,1
C17799,1
C17800,1
C17801,1
C17802,2
C17803,1
C17804,1
C17805,1
C17806,1
C17807,2
C17808,1
C17809,1
C17810,1
C17811,1
C17812,1
C17813,1
C17814,1
C17815,1
C17816,1
C17817,2
C17818,1
C17819,1
C17820,1
C17821,1
C17822,1
C17823,1
C17824,1
C17825,1
C17826,2
C17827,2
C17828,1
C17829,1
C17830,1
C17831,1
C17832,1
C17833,1
C17834,1
C17835,0
C17836,1
C17837,1
C17838,1
C17839,1
C17840,2
C17841,1
C17842,1
C17843,1
C17844,1
C17845,1
C17846,1
C17847,1
C17848,1
C17849,1
C17850,1
C17851,2
C17852,1
C17853,1
C17854,2
C17855,2
C17856,1
C17857,1
C17858,1
C17859,1
C17860,1
C17861,0
C17862,2
C17863,1
C17864,1
C17865,1
C17866,1
C17867,0
C17868,1
C17869,1
C17870,1
C17871,1
C17872,1
C17873,2
C17874,2
C17875,1
C17876,1
C17877,1
C17878,2
C17879,1
C17880,1
C17881,1
C17882,0
C17883,1
C17884,1
C17885,1
C17886,0
C17887,2
C17888,1
C17889,2
C17890,2
C17891,2
C17892,1
C17893,1
C17894,2
C17895,1
C17896,1
C17897,1
C17898,0
C17899,1
C17900,1
C17901,1
C17902,1
C17903,1
C17904,1
C17905,2
C17906,1
C17907,1
C17908,1
C17909,1
C17910,1
C17911,2
C17912,0
C17913,1
C17914,1
C17915,1
C17916,2
C17917,1
C17919,1
C17920,1
C17921,1
C17922,1
C17923,1
C17924,1
C17925,1
C17926,1
C17927,1
C17928,1
C17929,1
C17930,2
C17931,1
C17933,1
C17934,1
C17935,1
C17937,1
C17938,0
C17939,1
C17940,1
C17941,2
C17942,1
C17943,1
C17944,1
C17945,1
C17946,1
C17947,1
C17948,1
C17950,1
C17951,1
C17952,0
C17953,1
C17954,0
C17955,1
C17956,2
C17957,1
C17958,1
C17959,1
C17960,1
C17962,2
C17963,1
C17964,1
C17965,1
C17966,1
C17967,1
C17968,1
C17969,1
C17970,0
C17971,1
C17972,0
C17973,1
C17974,1
C17975,2
C17976,1
C17977,1
C17978,1
C17979,1
C17980,1
C17981,1
C17982,2
C17983,1
C17984,1
C17985,1
C17986,1
C17988,1
C17989,1
C17990,1
C17991,1
C17992,1
C17993,1
C17994,1
C17995,1
C17996,1
C17997,2
C17998,0
C17999,1
C18000,1
C18001,1
C18002,1
C18003,1
C18004,1
C18005,1
C18006,0
C18007,1
C18008,1
C18009,1
C18010,1
C18011,1
C18012,1
C18013,1
C18014,1
C18015,1
C18016,1
C18017,2
C18018,1
C18019,1
C18020,2
C18021,1
C18022,1
C18023,1
C18024,1
C18025,0
C18026,2
C18027,1
C18028,0
C18029,1
C18031,0
C18032,0
C18033,1
C18034,1
C18035,1
C18036,1
C18037,1
C18038,1
C18039,2
C18040,0
C18041,1
C18042,1
C18043,2
C18044,1
C18045,1
C18046,1
C18047,1
C18048,1
C18049,2
C18050,1
C18051,2
C18052,2
C18053,2
C18054,2
C18055,1
C18056,0
C18057,1
C18058,1
C18059,1
C18060,0
C18061,1
C18062,1
C18063,1
C18064,1
C18065,0
C18066,1
C18067,1
C18068,1
C18069,1
C18070,1
C18071,1
C18072,1
C18073,1
C18074,2
C18075,1
C18076,2
C18077,1
C18078,1
C18079,1
C18080,1
C18081,1
C18082,1
C18083,2
C18084,1
C18085,1
C18086,1
C18088,1
C18089,1
C18090,1
C18091,0
C18092,1
C18093,1
C18094,1
C18095,1
C18096,1
C18097,1
C18098,1
C18099,1
C18100,1
C18101,1
C18102,1
C18103,1
C18104,1
C18105,1
C18106,1
C18107,1
C18108,2
C18109,1
C18110,0
C18111,2
C18112,1
C18113,0
C18114,1
C18115,2
C18116,1
C18117,1
C18118,2
C18119,1
C18120,1
C18121,1
C18122,1
C18123,1
C18124,1
C18125,0
C18126,1
C18127,1
C18128,1
C18129,1
C18130,1
C18131,1
C18132,1
C18134,1
C18135,1
C18136,0
C18137,1
C18138,0
C18139,2
C18140,1
C18141,1
C18142,1
C18143,1
C18144,1
C18145,0
C18146,1
C18147,0
C18148,1
C18149,1
C18150,1
C18151,1
C18152,1
C18153,1
C18154,1
C18155,1
C18156,1
C18157,1
C18158,1
C18159,1
C18160,1
C18161,1
C18162,1
C18163,1
C18164,1
C18165,1
C18166,1
C18167,1
C18168,1
C18169,1
C18170,1
C18171,1
C18172,2
C18173,1
C18174,1
C18175,1
C18176,1
C18177,2
C18179,2
C18180,1
C18181,1
C18182,1
C18183,1
C18184,1
C18185,1
C18186,1
C18187,1
C18188,1
C18189,1
C18190,1
C18191,1
C18192,1
C18193,1
C18194,1
C18195,1
C18196,1
C18197,1
C18198,1
C18199,1
C18200,1
C18201,2
C18202,1
C18203,2
C18204,1
C18205,1
C18206,1
C18207,1
C18208,1
C18209,1
C18210,1
C18211,2
C18212,1
C18214,1
C18215,1
C18216,2
C18217,1
C18218,1
C18219,1
C18220,1
C18221,1
C18222,0
C18223,1
C18224,1
C18225,1
C18226,1
C18227,1
C18228,1
C18229,1
C18230,1
C18231,1
C18232,1
C18233,1
C18234,1
C18235,1
C18236,1
C18237,1
C18238,1
C18239,1
C18240,1
C18241,1
C18242,1
C18243,0
C18244,1
C18245,1
C18246,1
C18247,1
C18248,1
C18249,1
C18250,1
C18251,1
C18252,1
C18253,1
C18254,1
C18255,1
C18256,1
C18257,1
C18258,2
C18259,1
C18260,1
C18261,1
C18262,1
C18263,2
C18264,1
C18266,1
C18267,1
C18268,1
C18269,1
C18270,2
C18271,1
C18272,1
C18273,2
C18274,1
C18275,1
C18276,1
C18277,1
C18278,1
C18279,1
C18280,1
C18281,1
C18282,2
C18283,0
C18284,1
C18285,1
C18286,1
C18287,1
C18288,1
C18289,1
C18290,2
C18291,0
C18292,0
C18293,2
C18294,1
C18296,1
C18297,1
C18298,1
C18299,1
C18300,1
C18301,1
C18302,1
C18303,1
C18304,1
C18305,1
C18306,1
C18307,1
C18308,2
C18309,1
C18310,1
C18311,1
C18312,1
C18313,1
C18314,1
C18315,1
C18316,1
C18317,1
C18318,1
C18319,1
C18320,1
C18321,1
C18322,1
C18323,1
C18324,1
C18326,1
C18327,1
C18328,1
C18329,1
C18330,1
C18331,1
C18332,1
C18333,1
C18334,1
C18335,1
C18336,1
C18337,1
C18338,1
C18339,2
C18340,2
C18341,1
C18342,2
C18343,1
C18344,1
C18345,1
C18346,1
C18347,2
C18348,1
C18349,1
C18350,1
C18351,1
C18352,1
C18353,1
C18354,1
C18355,1
C18356,1
C18357,1
C18358,2
C18359,1
C18360,2
C18361,1
C18362,1
C18363,1
C18364,1
C18365,2
C18366,1
C18367,1
C18368,2
C18369,1
C18370,2
C18371,2
C18372,1
C18373,1
C18374,2
C18375,1
C18376,1
C18377,1
C18378,1
C18379,1
C18380,2
C18381,1
C18382,1
C18383,1
C18384,1
C18385,1
C18386,1
C18387,1
C18388,1
C18389,1
C18390,1
C18391,1
C18392,1
C18393,1
C18394,1
C18395,1
C18396,1
C18397,1
C18398,1
C18399,1
C18400,2
C18401,1
C18402,2
C18403,1
C18404,1
C18405,1
C18406,1
C18407,1
C18408,1
C18409,1
C18410,1
C18411,1
C18412,1
C18413,2
C18414,1
C18415,2
C18416,1
C18417,1
C18418,1
C18419,1
C18420,1
C18421,1
C18422,1
C18423,1
C18424,2
C18425,1
C18426,1
C18427,1
C18428,2
C18429,1
C18430,1
C18431,1
C18432,1
C18433,1
C18434,1
C18435,0
C18436,1
C18437,2
C18438,1
C18439,1
C18440,1
C18441,1
C18442,1
C18443,2
C18444,1
C18445,1
C18446,1
C18447,2
C18449,1
C18450,1
C18451,1
C18452,1
C18453,1
C18454,1
C18455,1
C18456,1
C18457,1
C18458,2
C18459,1
C18460,0
C18461,2
C18462,1
C18463,1
C18464,2
C18465,1
C18466,1
C18467,1
C18468,1
C18469,1
C18470,1
C18471,1
C18472,2
C18473,1
C18474,1
C18475,1
C18476,1
C18477,0
C18478,1
C18479,2
C18480,0
C18481,1
C18482,1
C18483,1
C18484,1
C18485,1
C18486,2
C18487,2
C18488,1
C18489,2
C18490,1
C18491,1
C18492,1
C18493,1
C18494,1
C18495,1
C18496,1
C18497,1
C18498,1
C18499,1
C18500,1
C18501,1
C18502,1
C18503,1
C18504,2
C18505,2
C18506,1
C18507,1
C18508,2
C18509,1
C18510,1
C18511,1
C18512,1
C18513,0
C18514,1
C18515,1
C18516,1
C18517,2
C18518,1
C18519,2
C18520,1
C18521,1
C18522,2
C18523,2
C18524,1
C18525,1
C18526,1
C18527,1
C18528,2
C18529,2
C18530,2
C18531,1
C18532,1
C18533,1
C18534,0
C18535,1
C18536,2
C18537,1
C18538,1
C18539,2
C18540,1
C18541,1
C18542,1
C18543,1
C18544,1
C18545,1
C18546,0
C18547,1
C18548,1
C18549,1
C18550,1
C18551,1
C18552,1
C18553,1
C18554,1
C18555,1
C18556,1
C18557,1
C18558,1
C18559,1
C18560,1
C18561,1
C18562,1
C18563,1
C18564,1
C18565,1
C18566,1
C18567,1
C18568,1
C18569,1
C18570,1
C18571,2
C18572,1
C18573,1
C18574,1
C18575,1
C18577,1
C18578,1
C18579,1
C18580,1
C18582,1
C18583,1
C18584,1
C18585,1
C18586,1
C18587,1
C18588,2
C18589,1
C18590,1
C18591,1
C18592,1
C18593,1
C18594,2
C18595,1
C18596,1
C18598,1
C18599,1
C18600,1
C18601,2
C18602,1
C18603,1
C18604,1
C18605,1
C18606,1
C18607,1
C18608,1
C18609,1
C18610,1
C18611,1
C18613,1
C18614,1
C18615,1
C18616,2
C18617,1
C18618,1
C18619,1
C18620,1
C18621,0
C18622,1
C18623,1
C18624,1
C18625,1
C18626,1
C18627,1
C18628,1
C18629,1
C18631,1
C18632,1
C18633,1
C18634,1
C18635,1
C18636,2
C18637,2
C18638,1
C18639,1
C18640,1
C18641,1
C18642,1
C18643,1
C18644,1
C18645,1
C18646,1
C18647,1
C18648,2
C18649,1
C18650,1
C18652,1
C18653,1
C18654,1
C18655,1
C18656,1
C18657,1
C18658,1
C18660,1
C18661,1
C18662,1
C18663,1
C18664,2
C18665,1
C18666,2
C18667,1
C18668,1
C18669,1
C18671,1
C18672,1
C18673,1
C18674,1
C18675,1
C18676,1
C18677,1
C18678,1
C18679,1
C18680,2
C18682,0
C18683,2
C18684,0
C18685,1
C18686,1
C18687,2
C18688,1
C18689,1
C18690,1
C18691,1
C18692,1
C18693,1
C18694,1
C18695,0
C18696,1
C18697,1
C18698,1
C18699,0
C18700,1
C18701,1
C18702,1
C18703,1
C18704,1
C18705,1
C18706,1
C18707,1
C18708,1
C18709,2
C18710,1
C18711,1
C18712,1
C18713,1
C18714,1
C18715,1
C18716,1
C18717,1
C18718,1
C18719,0
C18720,1
C18721,1
C18722,1
C18723,1
C18724,1
C18725,0
C18726,1
C18728,1
C18729,1
C18730,1
C18731,1
C18732,1
C18733,2
C18734,2
C18735,1
C18736,1
C18737,1
C18738,1
C18739,1
C18740,1
C18741,1
C18742,1
C18743,1
C18744,1
C18745,1
C18746,1
C18747,1
C18748,1
C18749,1
C18750,1
C18751,1
C18752,1
C18753,1
C18754,1
C18755,1
C18756,1
C18757,1
C18758,1
C18760,1
C18761,2
C18762,1
C18763,1
C18764,1
C18765,1
C18766,0
C18767,1
C18768,1
C18769,1
C18770,1
C18771,1
C18772,1
C18773,0
C18774,1
C18775,1
C18776,1
C18778,2
C18779,1
C18780,1
C18781,1
C18782,2
C18783,1
C18784,1
C18785,0
C18786,1
C18787,1
C18788,1
C18789,1
C18790,1
C18791,1
C18792,1
C18793,1
C18794,1
C18795,1
C18796,1
C18797,1
C18798,1
C18800,1
C18801,2
C18802,1
C18803,1
C18804,1
C18805,1
C18806,1
C18807,1
C18808,1
C18809,1
C18810,1
C18811,1
C18812,1
C18813,1
C18814,1
C18815,1
C18816,2
C18817,1
C18818,2
C18819,1
C18820,1
C18821,1
C18822,1
C18823,1
C18824,1
C18825,1
C18826,1
C18827,1
C18828,1
C18829,1
C18830,1
C18831,1
C18832,1
C18833,2
C18834,1
C18835,1
C18836,1
C18837,1
C18838,1
C18839,1
C18840,1
C18841,1
C18842,1
C18843,2
C18844,1
C18845,0
C18846,1
C18847,1
C18848,1
C18849,1
C18850,1
C18851,1
C18852,1
C18853,1
C18854,1
C18855,1
C18856,1
C18857,1
C18858,1
C18859,1
C18860,2
C18861,1
C18862,1
C18863,1
C18864,1
C18865,1
C18866,1
C18867,1
C18868,1
C18869,1
C18870,1
C18871,1
C18872,1
C18873,2
C18874,1
C18875,1
C18877,1
C18878,1
C18879,1
C18880,1
C18881,1
C18882,1
C18883,1
C18885,2
C18886,1
C18887,2
C18888,1
C18889,1
C18890,1
C18891,1
C18892,1
C18893,1
C18895,1
C18896,1
C18897,1
C18898,0
C18899,0
C18900,1
C18901,1
C18902,1
C18903,1
C18904,1
C18905,1
C18906,1
C18907,1
C18908,1
C18909,2
C18910,1
C18911,1
C18912,1
C18913,1
C18914,1
C18915,2
C18916,1
C18917,1
C18918,1
C18919,1
C18920,1
C18921,2
C18922,1
C18923,1
C18924,1
C18925,2
C18926,0
C18927,1
C18928,1
C18929,1
C18930,1
C18931,2
C18932,1
C18933,1
C18934,1
C18935,0
C18936,1
C18937,1
C18938,1
C18939,1
C18940,1
C18941,1
C18942,2
C18943,1
C18944,0
C18945,1
C18946,1
C18947,1
C18948,1
C18949,1
C18950,1
C18951,1
C18952,1
C18953,1
C18954,1
C18955,1
C18956,1
C18957,1
C18958,1
C18959,1
C18960,1
C18961,2
C18962,1
C18963,1
C18964,1
C18965,1
C18966,2
C18967,1
C18968,1
C18969,2
C18970,1
C18971,1
C18972,1
C18973,2
C18975,0
C18976,1
C18977,1
C18978,2
C18979,1
C18980,1
C18982,1
C18983,1
C18984,1
C18985,1
C18986,1
C18987,1
C18988,1
C18989,1
C18990,1
C18991,1
C18992,1
C18993,1
C18994,1
C18995,1
C18996,2
C18997,1
C18998,1
C18999,1
C19000,1
C19001,1
C19002,1
C19003,1
C19004,1
C19005,1
C19006,1
C19007,1
C19008,1
C19009,1
C19010,1
C19011,1
C19012,1
C19013,1
C19014,1
C19015,1
C19016,2
C19017,1
C19018,1
C19019,2
C19020,1
C19021,1
C19022,1
C19023,1
C19024,1
C19025,1
C19026,1
C19027,1
C19028,1
C19030,1
C19031,1
C19032,2
C19033,1
C19034,1
C19035,2
C19036,1
C19037,1
C19038,1
C19039,1
C19040,1
C19041,1
C19042,1
C19043,1
C19044,2
C19045,1
C19046,1
C19047,1
C19048,1
C19049,1
C19050,1
C19051,1
C19052,1
C19053,2
C19054,1
C19055,1
C19056,2
C19057,1
C19058,1
C19059,1
C19060,1
C19061,1
C19062,1
C19063,1
C19064,1
C19065,1
C19066,1
C19068,1
C19069,2
C19070,1
C19071,1
C19072,1
C19073,1
C19074,1
C19075,1
C19076,2
C19077,1
C19078,1
C19079,2
C19080,2
C19081,2
C19082,1
C19083,1
C19084,1
C19085,1
C19086,2
C19087,1
C19088,1
C19089,1
C19090,1
C19091,1
C19092,1
C19093,1
C19094,1
C19095,1
C19096,1
C19097,0
C19098,2
C19099,2
C19100,1
C19101,1
C19102,1
C19103,1
C19104,1
C19105,1
C19106,1
C19107,1
C19108,1
C19109,1
C19110,2
C19111,1
C19112,1
C19113,1
C19114,1
C19115,1
C19116,1
C19117,1
C19118,1
C19119,1
C19120,1
C19121,1
C19122,1
C19123,1
C19124,1
C19125,1
C19126,1
C19127,1
C19128,1
C19129,1
C19130,1
C19131,1
C19132,1
C19133,1
C19134,1
C19135,1
C19136,1
C19137,1
C19138,1
C19139,1
C19140,1
C19141,1
C19142,1
C19143,1
C19144,1
C19145,1
C19146,1
C19147,1
C19148,1
C19149,1
C19150,1
C19151,1
C19152,1
C19153,1
C19154,1
C19155,1
C19156,2
C19157,1
C19158,2
C19159,1
C19160,1
C19161,1
C19162,1
C19163,1
C19164,1
C19165,1
C19166,1
C19167,1
C19168,1
C19169,1
C19170,1
C19171,1
C19172,1
C19173,1
C19174,1
C19175,1
C19176,1
C19177,1
C19178,1
C19179,1
C19180,1
C19181,1
C19182,2
C19183,1
C19184,1
C19185,1
C19186,1
C19187,1
C19188,1
C19189,1
C19190,1
