"ragione_sociale","address","city","province","region","nation"
"MAFLON S.P.A.","VIA SOAVE 7 - 20135 - MILANO (MI)","Milano","Milano","Lombardia","Italia"
"SPECIAL MARMI S.N.C. DI CASTELLO ANGELO E D'AMICO BENEDETTO","VIA F.T. MARINETTI 12 - 90011 - BAGHERIA (PA)","Bagheria","Palermo","Sicilia","Italia"
"G.R. COSTRUZIONI S.R.L. IN LIQUIDAZIONE","VIA DEGLI AURUNCI 37 - 04100 - LATINA (LT)","Latina","Latina","Lazio","Italia"
"ASSOCIAZIONE CULTURALE MUSICALE 'APULIA STARS' MANAGEMENT","VIA MONTEVERGINE 190 - 70018 - RUTIGLIANO (BA)","Rutigliano","Bari","Puglia","Italia"
"CARRARO ANDREA","VIA BASSA I^ 320/2B - 35010 - CAMPODARSEGO (PD)","Campodarsego","Padova","Veneto","Italia"
"CIRCOLO NAUTICO L'APPRODO - ASSOCIAZIONE SPORTIVA DILETTANTISTICA","LOCALITA' TORRE CHIANCA - 73010 - PORTO CESAREO (LE)","Porto Cesareo","Lecce","Puglia","Italia"
"A.E. DI EDOARDO APUZZO S.A.S.","PIAZZA DI SAN BERNARDO 108/A - 00187 - ROMA (RM)","Roma","Roma","Lazio","Italia"
"CHIOVARO ALBERTO","VIA CASTELLNA 374 - 90135 - PALERMO (PA)","Palermo","Palermo","Sicilia","Italia"
"MICCOLI DOMENICO","VIALE E. FIERAMOSCA 87/G - 70033 - BARI (BA)","Bari","Ba","Puglia","Italia"
"EUROIMBALLAGGI S.A.S. DI DESIDERIO GABRIELE","VIA VETICE 154 - 84010 - SAN VALENTINO TORIO (SA)","San Valentino Torio","Salerno","Campania","Italia"
"CARUSO MAURO","PIAZZA DELLA RESISTENZA 9/10 -  - CONVERSANO (BA)",,,,"Italia"
"CARTOLERIA TEMPIETTO SNC DI FINESSO SERENA & C.","BORGO GIUSEPPE GARIBALDI 25 - 32026 - BORGO VALBELLUNA (BL)","Borgo Valbelluna","Belluno","Veneto","Italia"
"MASCI MARCO","VIA DON PIETRO CICCOLINI 1 - 60044 - FABRIANO (AN)","Fabriano","Ancona","Marche","Italia"
"CAPPELLO GIORGIO","VIA CAITINA 2 - 97015 - MODICA (RG)","Modica","Ragusa","Sicilia","Italia"
"MOHAMMADREZA GHADIRZADEH",,,,,"Italia"
"CENTER DATI DI CELIDONIO GIUSEPPINA","VIA SANT'UGOLINA 11 - 13100 - VERCELLI (VC)","Vercelli","Vercelli","Piemonte","Italia"
"SOCIETA' AGRICOLA FLORICOLA F.LLI PAPINI S.S.","LOCALITA' SANTA LUCIA 91 - 52043 - CASTIGLION FIORENTINO (AR)","Castiglion Fiorentino","Ar","Toscana","Italia"
"DAR SOCIETA' A RESPONSABILITA' LIMITATA SEMPLIFICATA","VIA GIROLAMO VITELLI 68 - 82100 - BENEVENTO (BN)","Benevento","Bn","Campania","Italia"
"SEKON S.R.L.","VIA DOTTOR ANGELO ALBERTI 16 - 24026 - CAZZANO SANT'ANDREA (BG)","Cazzano Sant'Andrea","Bergamo","Lombardia","Italia"
"MEACON DI MEA LUCA & C. S.N.C.","STRADA IN SALA S.N. - 61122 - PESARO (PS)","Pesaro","Pesaro e Urbino","Marche","Italia"
"PARELLA IMMOBILI 2 S.A.S. DI ALESSIO UGO TEDDE & C.","VIA PIETRO COSSA 50 - 10146 - TORINO (TO)","Torino","Torino","Piemonte","Italia"
"AZIMUT DI MASSIMO GARDONE & C. - SOCIETA' IN ACCOMANDITA SEMPLICE","VIA DELL'UNIVERSITA' 9 - 34123 - TRIESTE (TS)","Trieste","Trieste","Friuli-Venezia Giulia","Italia"
"MANAGEMENT CONSULTING DI MARCO RADICE","VIA G. MATTEOTTI 45/42 - 20044 - ARESE (MI)","Arese","Milano","Lombardia","Italia"
"CIA BIELLA","VIA TANCREDI GALIMBERTI 4 - 13900 - BIELLA (BI)","Biella","Biella","Piemonte","Italia"
"DOTT. MARCO SARTORI",,,,,"Italia"
"ROSSINI MAURO","PIAZZA ORTI DI SAN FRANCESCO 1/3 - 42042 - FABBRICO (RE)","Fabbrico","Reggio nell'Emilia","Emilia-Romagna","Italia"
"NEW DREAM DI BIANCHI SIMONE","VIALE DELLA RESISTENZA 52 - 63837 - FALERONE (FM)","Falerone","Fermo","Marche","Italia"
"PRD SPORT DI D'ANGELI MARCO","VIA META 14 - 61040 - BORGO PACE (PS)","Borgo Pace","Pesaro e Urbino","Marche","Italia"
"CARRARO ANDREA","VIA MO. G. PIEROBON 6 - 35010 - MASSANZAGO (PD)","Massanzago","Padova","Veneto","Italia"
"SALVO' RENATO E FIGLI SOCIETA' AGRICOLA SEMPLICE","VIA BOLZANI 28 - 35020 - MASERA' DI PADOVA (PD)","Masera' Di Padova","Pd","Veneto","Italia"
"CARRARO ANDREA","VIA CURINO 11 - 13862 - BRUSNENGO (BI)","Brusnengo","Biella","Piemonte","Italia"
"COCCHETTI GIUSEPPE & FIGLI DI COCCHETTI CLAUDIO E STEFANO S.N.C.","VIA DEI CHIODAIOLI 14 - 58024 - MASSA MARITTIMA (GR)","Massa Marittima","Grosseto","Toscana","Italia"
"ALEMAR SERVIZI S.R.L.","VIALE DELLE MILIZIE 34 - 00192 - ROMA (RM)","Roma","Roma","Lazio","Italia"
"VITA AI GIORNI DI CONFORTI DANIELE","STRADA REALE 35 - 44037 - JOLANDA DI SAVOIA (FE)","Jolanda di Savoia","Ferrara","Emilia-Romagna","Italia"
"SACCAVINI RAOUL","VIA VITTORIO VENETO 67 - 33092 - CAVASSO NUOVO (PN)","Cavasso Nuovo","Pordenone","Friuli-Venezia Giulia","Italia"
"COOL AIR DI CARIOSCIA LUIGI","VIA MATTEOTTI 12 - 20094 - ASSAGO (MI)","Assago","Milano","Lombardia","Italia"
"CARRARO ANDREA","VIA CORDOVA 24 - 10020 - PAVAROLO (TO)","Pavarolo","Torino","Piemonte","Italia"
"VALLE MASSIMO","VIA GOFFREDO CIARALLI 9/13 - 00156 - ROMA (RM)","Roma","Rm","Lazio","Italia"
"RABADAN ORTIZ GABRIEL","VIALE VENEZIA 64 - 25015 - DESENZANO DEL GARDA (BS)","Desenzano del Garda","Brescia","Lombardia","Italia"
"PROMO & PREMIA S.R.L.","VIA FRANCESCO PETRARCA 7 - 73100 - LECCE (LE)","Lecce","Lecce","Puglia","Italia"
"A.DA.S.C. FUEGO LATINO ASSOC. SPORTIVA DILETTANTISTICA","VIA GIUSEPPE BALLO 8 - 95123 - CATANIA (CT)","Catania","Catania","Sicilia","Italia"
"PAVONE MARCO","VIA ADUA 112 - 97011 - ACATE (RG)","Acate","Ragusa","Sicilia","Italia"
"BETTOSCHI PIERPAOLA","VIA G. ROSSINI 1 - 41057 - SPILAMBERTO (MO)","Spilamberto","Modena","Emilia-Romagna","Italia"
"DIFONZO FRANCESCA MARIA","VIA MATERA 11 - 70022 - ALTAMURA (BA)","Altamura","Bari","Puglia","Italia"
"LA CARICA DEI 101 DI DIFONZO FRANCESCA","VIA PIO X 5 - 70021 - ACQUAVIVA DELLE FONTI (BA)","Acquaviva delle Fonti","Bari","Puglia","Italia"
"EDILIZIA RESTAURI SRL (IN FALLIMENTO)","VIA MILANO 29/B - 26100 - CREMONA (CR)","Cremona","Cremona","Lombardia","Italia"
"SILENZI ELISEO","VIA LEONARDO DA VINCI 27 - 63824 - ALTIDONA (FM)","Altidona","Fermo","Marche","Italia"
"SHENZHENSHI HUALISIJI SHANGMAO YOUXIANGONGSI","VIA DEGLI SCIPIONI 157 - 00192 - ROMA (RM)","Roma","Roma","Lazio","Italia"
"DIFONZO FRANCESCA","VIA TIRRENO 48 - 85100 - POTENZA (PZ)","Potenza","Potenza","Basilicata","Italia"
"CECCATO GENNY","VIA VILLAFONTANA 33 - 37050 - OPPEANO (VR)","Oppeano","Verona","Veneto","Italia"
"TOMAIFICIO LUISA DI LI LIUXIAN","VIA TRENTO 62/B - 50054 - FUCECCHIO (FI)","Fucecchio","Fi","Toscana","Italia"
"ASSOCIAZIONE NOVA TERRA APS","STRADA DELLA PAGLIA 135 - 36100 - VICENZA (VI)","Vicenza","Vicenza","Veneto","Italia"
"MP STUDIO DI MAZZOLI PAOLO",,,,,"Italia"
"CROMATURA COLOMBO S.N.C. DI COLOMBO EMILIO & C.","VIA VINCENZO BELLINI 22 BIS - 21052 - BUSTO ARSIZIO (VA)","Busto Arsizio","Varese","Lombardia","Italia"
"BORA-BORA DI ALDO GRASSO","VIA MOLINO-S.M.LA SCALA S.N. - 95024 - ACIREALE (CT)","Acireale","Catania","Sicilia","Italia"
"BOLLE E SAPONE DI GESUELE MARIA","VIA MURELLE 111 - 84012 - ANGRI (SA)","Angri","Salerno","Campania","Italia"
"SCLAFANI S.R.L.","VIA QUINTINO SELLA 77 - 90139 - PALERMO (PA)","Palermo","Palermo","Sicilia","Italia"
"DI MEDIA S.R.L.","VIA BOLOGNA 549/B - 44124 - FERRARA (FE)","Ferrara","Fe","Emilia-romagna","Italia"
"TRUPPI TEODORO","VIA COSSOLO 111 - 10029 - VILLASTELLONE (TO)","Villastellone","Torino","Piemonte","Italia"
"REPACI ROCCO ALESANDRO",,,,,"Italia"
"EDIL 4 SNC DI PINTO FRANCESCO PAOLO E PINTO NICOLA & C.","VIA GALILEO GALILEI 69 - 41015 - NONANTOLA (MO)","Nonantola","Modena","Emilia-Romagna","Italia"
"PACCO 24 SRLS","VIA PIAVE 9/B - 13900 - BIELLA (BI)","Biella","Biella","Piemonte","Italia"
"PEPE RAFFAELE","CORSO A.MORO 108 - 70024 - GRAVINA IN PUGLIA (BA)","Gravina in Puglia","Bari","Puglia","Italia"
"SAMUEDIL DI AZZU WILLIAM","VIA NURRA 1 - 07100 - SASSARI (SS)","Sassari","Sassari","Sardegna","Italia"
"STYLE CAR DI PIERACCINI SANDRO","CORSO RICCI 157R - 17100 - SAVONA (SV)","Savona","Sv","Liguria","Italia"
"TOMASELLA ANTONELLA","VIA TERRENI 25/A - 31047 - PONTE DI PIAVE (TV)","Ponte di Piave","Treviso","Veneto","Italia"
"IL FORNO DI NADIA SNC DI BOUKANTAR NADIA E C.","VIA GIARDINI SUD 84/1 - 41028 - SERRAMAZZONI (MO)","Serramazzoni","Modena","Emilia-Romagna","Italia"
"FUSHA RUBIN","CORSO RACCONIGI 190 -  - TORINO (TO)",,,,"Italia"
"CASABIANCA GIUSEPPE","VIA AURISPA 30 - 90145 - PALERMO (PA)","Palermo","Palermo","Sicilia","Italia"
"DELEONIBUS DAVIDE","VIA S. ANNA 26 - 70043 - MONOPOLI (BA)","Monopoli","Bari","Puglia","Italia"
"AZZALI MARIA LUISA","VIA MATTEOTTI 12/B - 46046 - MEDOLE (MN)","Medole","Mn","Lombardia","Italia"
"DIONESE LORIS","VIA POZZETTO 40 - 35017 - PIOMBINO DESE (PD)","Piombino Dese","Padova","Veneto","Italia"
"MACELLERIA ALHARAMAIN DI MUHAMMAD YASIN","VIA MILANO 285 - 22100 - COMO (CO)","Como","Co","Lombardia","Italia"
"ULLAH SAIF","VIALE ERITREA 23/25 - 00199 - ROMA (RM)","Roma","Roma","Lazio","Italia"
"IN. DI BOZZOLAN CRISTINA","VIA BANCHI DI SOPRA 16 - 53100 - SIENA (SI)","Siena","Siena","Toscana","Italia"
"MORENA CENA",,,,,"Italia"
"BERTOLLO FABIOLA","VIA CASTELLANA 18 - 31023 - RESANA (TV)","Resana","Treviso","Veneto","Italia"
"ADRIATICA 3 DI LUGATO LUCIANO & TEGON MONICA S.N.C.","VIA BISSUOLA 48/L - 30174 - VENEZIA (VE)","Venezia","Venezia","Veneto","Italia"
"CRINIS DI SOTGIA ANNA & C. S.A.S.","VIA ADDIS 5C - 07100 - SASSARI (SS)","Sassari","Sassari","Sardegna","Italia"
"BAR COMMERCIO DI SAVIO FAUSTO","VIA XX SETTEMBRE 14 - 32020 - CENCENIGHE AGORDINO (BL)","Cencenighe Agordino","Belluno","Veneto","Italia"
"MERLONE GIAN PIERO","VIA CAVOUR 28 - 14030 - REFRANCORE (AT)","Refrancore","At","Piemonte","Italia"
"LA BOTTEGA DEL VERDE DI CHIEFARI DIEGO GIOVANNI","STRADA SAN MAURO 72 - 10156 - TORINO (TO)","Torino","To","Piemonte","Italia"
"CERINI MAURIZIO","VIA PORTA ANTICA 67 - 46040 - CAVRIANA (MN)","Cavriana","Mn","Lombardia","Italia"
"AZIENDA AGRICOLA TENUTA DI VIGNALI DI SALA ALESSANDRO","VIA BRESCIA 150 - 25033 - COLOGNE (BS)","Cologne","Brescia","Lombardia","Italia"
"FARRO SRL","STRADA STATALE 18 128 - 84047 - CAPACCIO (SA)","Capaccio","Sa","Campania","Italia"
"IFANA S.R.L.","VIA STEFANO OBERTO 69 - 00173 - ROMA (RM)","Roma","Roma","Lazio","Italia"
"GEIMAR S.R.L.","VIA SALVATORE BARZILAI 282 - 00173 - ROMA (RM)","Roma","Roma","Lazio","Italia"
"FARMACIA SAN GIORGIO DI DR. PEDRETTI PAOLO","PORTICI BROLETTO 64/66 - 46100 - MANTOVA (MN)","Mantova","Mn","Lombardia","Italia"
"SORRISO SAS DI BOSCOLO GIOACHINA FABIO","VIA TAVAGNACCO 89 - 33100 - UDINE (UD)","Udine","Ud","Friuli-venezia Giulia","Italia"
"FARMACIA DELLA DOTT.SSA SILVIA SANTINI","VIA IV NOVEMBRE 12 - 46040 - CASALROMANO (MN)","Casalromano","Mn","Lombardia","Italia"
"ZALJA DI UKA DENISA","VIA DI CANAPALE 82 B - 51100 - PISTOIA (PT)","Pistoia","Pistoia","Toscana","Italia"
"LOFT ART SOCIETA' A RESPONSABILITA' LIMITATA SEMPLIFICATA","VIA DEL CASALE CAVALLARI 148 - 00156 - ROMA (RM)","Roma","Roma","Lazio","Italia"
"GRAFICAT SOCIETA' A RESPONSABILITA' LIMITATA SEMPLIFICATA","VIA TUSCOLANA 37C - 00182 - ROMA (RM)","Roma","Roma","Lazio","Italia"
"TREZZA ROCCO DONATO","VIA SALICONI - 84039 - TEGGIANO (SA)","Teggiano","Salerno","Campania","Italia"
"MAN SRL SEMPLIFICATA","VIA DEI MILLE 125 - 63074 - SAN BENEDETTO DEL TRONTO (AP)","San Benedetto del Tronto","Ascoli Piceno","Marche","Italia"
"MAMA NON MAMA DI MARIANNA DE FRANCO","VIA DEL RIO 14 - 25079 - VOBARNO (BS)","Vobarno","Brescia","Lombardia","Italia"
"LA FATTORIA DI NONNA AMALIA DI CONTRONE DOMENICO","VIA POLA 24 5/7 - 20843 - VERANO BRIANZA (MB)","Verano Brianza","Mb","Lombardia","Italia"
"PREVI - S.R.L. IN LIQUIDAZIONE","VIA BASSANO DEL GRAPPA 4 - 00195 - ROMA (RM)","Roma","Roma","Lazio","Italia"
"ASSOCIAZIONE SPORTIVA DILETTANTISTICA SMAC","VIA VENE DI BELLOCCHIO 6 - 44124 - FERRARA (FE)","Ferrara","Ferrara","Emilia-Romagna","Italia"
"SOCIETA' AGRICOLA GREBLE S.S. DI ILARIA TURRI & C.","LOCALITA' CASA PAGLIA 7 - 27040 - LIRIO (PV)","Lirio","Pavia","Lombardia","Italia"
"PISATI PATRIZIO","VIA SANT'ANNA 26 - 27010 - SIZIANO (PV)","Siziano","Pavia","Lombardia","Italia"
"I.B.S. INVESTIGATION BUREAU SERVICE DI CANGINI GIAMPIERO","VIALE VINCENZO RANDI 68/A - 48124 - RAVENNA (RA)","Ravenna","Ravenna","Emilia-Romagna","Italia"
"VOLPE -DI- MACCHIA PASQUALE - RENZETTI ENNIO E C. S.N.C.","CONTRADA TRATTURO - 66052 - GISSI (CH)","Gissi","Chieti","Abruzzo","Italia"
"VITO MIRIZIO",,,,,"Italia"
"BUCCELLA ANDREA","VIALE DEI PINI 145 - 65010 - COLLECORVINO (PE)","Collecorvino","Pescara","Abruzzo","Italia"
"PINCHI MIRELLA","VIA C.BECCARIA 10 - 06049 - SPOLETO (PG)","Spoleto","Perugia","Umbria","Italia"
"TUTTE TIPE DI TIZIANI TIZIANO","VIA BENGASI 11 - 04019 - TERRACINA (LT)","Terracina","Lt","Lazio","Italia"
"SICILVERDE DI FABIO GENOVESE","STRADALE SCOGLITTI 159 - 97019 - VITTORIA (RG)","Vittoria","Rg","Sicilia","Italia"
"AUTOSCUOLA A.M. DI ALZARI MASSIMILIANO & C. S.A.S.","VIA PASQUALE PAOLI 42 - 07100 - SASSARI (SS)","Sassari","Sassari","Sardegna","Italia"
"PRATESI GABRIELE","VIA S. GIUSEPPE 85 - 59011 - CARMIGNANO (PO)","Carmignano","Prato","Toscana","Italia"
"AGRICOLA BETTINI SRL","CASCINA BETTINI 24/A - 25020 - PONCARALE (BS)","Poncarale","Brescia","Lombardia","Italia"
"TABACCHI DI SALERA GIUSEPPE","VIA SEGNI -  - CASSINO (FR)",,,,"Italia"
"ABBIGLIAMENTO E CASALINGHI RUI DA DI YAN CAIYUN","VIA GUGLIELMO MARCONI 87 - 04018 - SEZZE (LT)","Sezze","Latina","Lazio","Italia"
"SODANO MARIANO","LARGO PAPA GIOVANNI XXIII 8 - 34123 - TRIESTE (TS)","Trieste","Trieste","Friuli-Venezia Giulia","Italia"
"MARTIN LUCIANO","VIA GRASSETTO 7 - 30017 - IESOLO (VE)","Iesolo","Ve","Veneto","Italia"
"F.LLI TERRANEO S.N.C. DI TERRANEO FABRIZIO & C.","VIA GIUSEPPE VERDI 132 - 20831 - SEREGNO (MB)","Seregno","Monza e della Brianza","Lombardia","Italia"
"ZUCCA SIMONA","VIA COSTANTINO NIGRA 9 -  - IVREA (TO)",,,,"Italia"
"SAPORE DI AMICUCCI GABRIELE","VIA HALESUS 4 - 01034 - FABRICA DI ROMA (VT)","Fabrica di Roma","Viterbo","Lazio","Italia"
"""SU CIVRAXIU DI AGUS F.& C. S.N.C. CON DENOMINAZIONE ABBREVIATA """"S U CIVRAXIU S.N.C.""""""","LOCALITA' CAMISA - 09040 - CASTIADAS (SU)","Castiadas","Sud Sardegna","Sardegna","Italia"
"COLOR S.R.L.","VIALE VENETO 13/15 - 35020 - SAONARA (PD)","Saonara","Padova","Veneto","Italia"
"ALIBERTI MARIELLA","VIA PIETRO MICCA 28 - 14053 - CANELLI (AT)","Canelli","Asti","Piemonte","Italia"
"CANTINE RUGGIERO SOCIETA' A RESPONSABILITA' LIMITATA SEMPLIFICATA","VIA PLUTONE 4 - 80029 - SANT'ANTIMO (NA)","Sant'Antimo","Napoli","Campania","Italia"
"SERANGELI VITTORIO","VIA PIAN SCARIGI 16 - 01030 - VALLERANO (VT)","Vallerano","Vt","Lazio","Italia"
"ANTHINOS DI ANDREA MARONGIU","LARGO ITTIRI 1 - 07100 - SASSARI (SS)","Sassari","Sassari","Sardegna","Italia"
"CARRARO ANDREA","VIA IV NOVEMBRE 60 - 35035 - MESTRINO (PD)","Mestrino","Padova","Veneto","Italia"
"BRIDGEPOINT S.R.L. IN LIQUIDAZIONE","VIA ROVELLO 1 - 20121 - MILANO (MI)","Milano","Milano","Lombardia","Italia"
"DEADDIS GREEN VIEW SOC COOP SOCIETA' COOPERATIVA","VIA SOLE 10 - 07035 - SEDINI (SS)","Sedini","Sassari","Sardegna","Italia"
"CARRARO ANDREA","VIA GREGUOLI 11 -  - SAN BIAGIO DI CALLALTA (TV)",,,,"Italia"
"CARRARO ANDREA","VIA VOLPIN 44/A -  - SANTA MARIA DI SALA (VE)",,,,"Italia"
"CIRCOLO RICREATIVO ENEL-SALA CONSILINA","VIA GIOCATORI - 84036 - SALA CONSILINA (SA)","Sala Consilina","Salerno","Campania","Italia"
"MUMAK S.A.S. DI VENDITTI GIOVANNI & C.","STRADA STATALE 467 147/B - 42013 - CASALGRANDE (RE)","Casalgrande","Reggio nell'Emilia","Emilia-Romagna","Italia"
"MONACA DAVIDE","VIA GESU' 10 - 97014 - ISPICA (RG)","Ispica","Ragusa","Sicilia","Italia"
"ONDULATO PERUGINO DI ROSSI MARCELLO","VIA A. MANNA 74 -  - PERUGIA (PG)",,,,"Italia"
"SOCIETA' AGRICOLA GIUSTINIANA S.S.","VIA BOSCHIERA 1 - 35016 - PIAZZOLA SUL BRENTA (PD)","Piazzola sul Brenta","Padova","Veneto","Italia"
"DIFONZO GIOVANNA","VIA AGRI 5 - 75100 - MATERA (MT)","Matera","Matera","Basilicata","Italia"
"BERETTA MAURIZIO","VIA MONS. DEI COLLI 21 -  - BARZANO' (LC)",,,,"Italia"
"ZHENG QIUMEI","VIA DELLA FIERA 9/A - 47923 - RIMINI (RN)","Rimini","Rimini","Emilia-Romagna","Italia"
"I.T.M. COSTRUZIONI EDILI - S.R.L.","VIA DEI VIVAI 40 - 84091 - BATTIPAGLIA (SA)","Battipaglia","Salerno","Campania","Italia"
"DI GIUSEPPE MARIA","VIA PAPA GIOVANNI XXIII 66 - 72015 - FASANO (BR)","Fasano","Brindisi","Puglia","Italia"
"RECREA ARTE NELLA CURA S.R.L.","VIA FRANCESCO PORCELLANA 56 - 07100 - SASSARI (SS)","Sassari","Sassari","Sardegna","Italia"
"DANESI RENATO","VIALE ITALIA 95/A - 25064 - GUSSAGO (BS)","Gussago","Brescia","Lombardia","Italia"
"ELSA ZEN - COACHING & TRAINING",,,,,"Italia"
"ALL PROJECTS SRL","VIA MESTRINA 6/C - 30172 - VENEZIA (VE)","Venezia","Venezia","Veneto","Italia"
"RESTAGNO RAMONA","VIA NAZARIO SAURO 7 - 00012 - GUIDONIA MONTECELIO (RM)","Guidonia Montecelio","Roma","Lazio","Italia"
"A.T.E.C. AZIENDA TRASPORTI EBOLI CAMPAGNA - S.R.L. IN LIQUIDAZION E","VIA G.MATTEOTTI,4 - 84025 - EBOLI (SA)","Eboli","Salerno","Campania","Italia"
"GARDEN CITY TATTOO DI ANDREA BASSI","VIALE COOPERAZIONE 9 - 20095 - CUSANO MILANINO (MI)","Cusano Milanino","Milano","Lombardia","Italia"
"COMUNE DI SIGILLO","PIAZZA MARTIRI N 8 - 06028 - SIGILLO (PG)","Sigillo","Perugia","Umbria","Italia"
"CARRARO DI CARRARO ANDREA","VIA MESTRINA 10 - 35035 - MESTRINO (PD)","Mestrino","Padova","Veneto","Italia"
"I PANI S.R.L.","VIA PENCI SNC - 04021 - CASTELFORTE (LT)","Castelforte","Lt","Lazio","Italia"
"STUDIO TECNICO ASSOCIATO ROSSETTI E GARZELLA","VIA BOVIO 14 - 56017 - SAN GIULIANO TERME (PI)","San Giuliano Terme","Pisa","Toscana","Italia"
"PERUZZI PATRIZIA","VIA BANCHI DI SOPRA 10 - 53100 - SIENA (SI)","Siena","Siena","Toscana","Italia"
"ZANFARDINO LUIGI","VIA AFRAGOLA XXIX (A. FRANK) 16 - 80021 - AFRAGOLA (NA)","Afragola","Napoli","Campania","Italia"
"MAZO ANDREA","VIA PRINCIPATO SALVATORE 04 - 20871 - VIMERCATE (MB)","Vimercate","Mb","Lombardia","Italia"
"D'APRANO PINO","VIA DELLE TERME SNC - 04021 - CASTELFORTE (LT)","Castelforte","Lt","Lazio","Italia"
"CARRARO ANDREA","VIA CALESSELLO 3 -  - MAROSTICA (VI)",,,,"Italia"
"ASSOCIAZIONE POLISPORTIVA DILETTANTISTICA - POLISPORTIVA SERRAGLIO PLURICULTURALE","VIA SERRAGLIO 20/B C/O CS LA STALLA - 40026 - IMOLA (BO)","Imola","Bo","Emilia-romagna","Italia"
"PANIFICIO IL CHICCO D'ORO S.N.C. DI CIBELLI FABIO E ROBERTI MARIA LUISA","VIA PIO IX 1/1 B - 66050 - SAN SALVO (CH)","San Salvo","Chieti","Abruzzo","Italia"
"360 SPM-SPORT PROFESSIONAL MANAGEMENT S.R.L. 360 SPM S.R.L.","VIA FULCIERI PAULUCCI DE CALBOLI 9 - 00195 - ROMA (RM)","Roma","Roma","Lazio","Italia"
"OFFICINA METALLICA DESOLE DEL GEOM. DESOLE COSTANTINO","ZONA INDUSTRIALE PREDDA NIEDDA STR. 47 SN - 07100 - SASSARI (SS)","Sassari","Sassari","Sardegna","Italia"
"VINCENTI MATTEO","VIA DEL CARAVAGGIO 12 - 24060 - SAN PAOLO D'ARGON (BG)","San Paolo D'argon","Bg","Lombardia","Italia"
"SIRBU ALEXANDRU","PIAZZA LENTI 42 - 15030 - CAMAGNA MONFERRATO (AL)","Camagna Monferrato","Alessandria","Piemonte","Italia"
"ASSOCIAZIONE DI PROMOZIONE SOCIALE ""CENTRO SATYANANDA YOGA UDINE""","VIA SAN DANIELE N.38 - 33010 - TAVAGNACCO (UD)","Tavagnacco","Udine","Friuli-Venezia Giulia","Italia"
"SOCIETA' AGRICOLA LA GARAGIOLA DI CRESPI LUISELLA E COZZI ANNA -S .S.","CASCINA GARAGIOLA SNC - 20001 - INVERUNO (MI)","Inveruno","Milano","Lombardia","Italia"
"FACCIONI SABRINA","VIA CASETTE 21 - 37024 - NEGRAR (VR)","Negrar","Vr","Veneto","Italia"
"FARMACIA SABINI","VIA ROMA 21 - 37060 - GAZZO VERONESE (VR)","Gazzo Veronese","Verona","Veneto","Italia"
"MANCARELLA GIUSEPPE","VIA RIGHI 17 - 74028 - SAVA (TA)","Sava","Taranto","Puglia","Italia"
"MONSTER DI ALDO TECI & C. S.A.S.","VIA SPADA 11 - 48013 - BRISIGHELLA (RA)","Brisighella","Ra","Emilia-romagna","Italia"
"LOPARCO & PALAZZO S.N.C. DI LOPARCO DAMIANO","VIA FRATELLI ROSSELLI 40 - 72015 - FASANO (BR)","Fasano","Br","Puglia","Italia"
"DAISY DI MAGGIONI DESIREE AZIENDA AGRICOLA","LOCALITA' MOSCORETTO 3 - 23870 - CERNUSCO LOMBARDONE (LC)","Cernusco Lombardone","Lecco","Lombardia","Italia"
"VECCHIONE GIUSEPPE","TRAVERSA ALDO MORO 1 - 80030 - CAMPOSANO (NA)","Camposano","Napoli","Campania","Italia"
"T.R.C. IMMOBILIARE S.R.L.","VIA GIOVANNI FANTONI 18/B - 00139 - ROMA (RM)","Roma","Roma","Lazio","Italia"
"PUBLIC ADV SOCIETA' COOPERATIVA","CORSO CALATAFIMI 377 - 90129 - PALERMO (PA)","Palermo","Palermo","Sicilia","Italia"
"STUDIO ASSOCIATO FRANCESCHIN","VIA DANIELE MANIN 44/7 MESTRE - 30174 - VENEZIA (VE)","Venezia","Ve","Veneto","Italia"
"GIORDANO MASSIMO","VICOLO MADERNA 84 - 21042 - CARONNO PERTUSELLA (VA)","Caronno Pertusella","Varese","Lombardia","Italia"
"CONSULMAGNO GIOVANNI","VIA PIEMONTE 34 - 97014 - ISPICA (RG)","Ispica","Ragusa","Sicilia","Italia"
"D'ALESSANDRO EMILIO","VIA F. BARACCA 4 - 04021 - CASTELFORTE (LT)","Castelforte","Latina","Lazio","Italia"
"""""""O SOLE MIO"""" - S.R.L.""","VIA LAURA MARE - 84047 - CAPACCIO PAESTUM (SA)","Capaccio Paestum","Salerno","Campania","Italia"
"ELETTROSERVICE DI PETRUZZI FRANCESCO","VIA GORIZIA 9/A - 73058 - TUGLIE (LE)","Tuglie","Lecce","Puglia","Italia"
"OFFICINA DEI F.LLI LAVIOLA & C. S.N.C.","VIA SAN DONATO SN - 75015 - PISTICCI (MT)","Pisticci","Matera","Basilicata","Italia"
"DESSENA MARCO","VIA NURACHE 4 - 08028 - OROSEI (NU)","Orosei","Nuoro","Sardegna","Italia"
"2KAPPA DI ROSSI SERENA",,,,,"Italia"
"MUU SUSHI DI YANG YONGWEI","VIALE SABOTINO 24 - 20135 - MILANO (MI)","Milano","Milano","Lombardia","Italia"
"CITARRELLA GASPARE","VIA GUARDIONE FRANCESCO 77 - 90139 - PALERMO (PA)","Palermo","Pa","Sicilia","Italia"
"ZHENG SHANGHONG","VIA PANI 12 - 47921 - RIMINI (RN)","Rimini","Rimini","Emilia-Romagna","Italia"
"PRODEV DI HENRY NGADIUBA HUBERT CHIBUZO","VIA ICARO 28 - 47100 - FORLI' (FO)","Forli'","Fo",,"Italia"
"FLOR MED DI ORLANDI ADRIANO",,,,,"Italia"
"PASTIFICI VESUVIO DI PENNA FULVIO","VIA E. DE AMICIS 2 - 37069 - VILLAFRANCA DI VERONA (VR)","Villafranca Di Verona","Vr","Veneto","Italia"
"F.LLI DI IOIA CRESCENZO E NICOLA S.N.C.","VIA GIARDINI 1 - 86019 - VINCHIATURO (CB)","Vinchiaturo","Campobasso","Molise","Italia"
"BERTOLASO S.R.L.","VIA DELL'INDUSTRIA 30 - 37041 - ALBAREDO D'ADIGE (VR)","Albaredo d'Adige","Verona","Veneto","Italia"
"NIRVANA S.R.L.","VIA GIOVANNI LOVERA 28 - 12011 - BORGO SAN DALMAZZO (CN)","Borgo San Dalmazzo","Cuneo","Piemonte","Italia"
"POL PROJECT S.R.L. IN LIQUIDAZIONE","VIA NUOVA SAN ROCCO 95 - 80131 - NAPOLI (NA)","Napoli","Na","Campania","Italia"
"TRABUIO DOMENICO","VICOLO CRISTOFORO COLOMBO 27 - 31032 - CASALE SUL SILE (TV)","Casale Sul Sile","Tv","Veneto","Italia"
"YACHT CLUB ROMAGNA ASSOCIAZIONE SPORTIVA DILETTANTISTICA","VIA CASSINO 91 - 48100 - RAVENNA (RA)","Ravenna","Ravenna","Emilia-Romagna","Italia"
"GENNAI GIANNA","VIA DEL PARTIGIANO 3 - 56048 - VOLTERRA (PI)","Volterra","Pisa","Toscana","Italia"
"FARINAZZO FIORELLA","VIA GIUSEPPE VERDI 66 - 36100 - VICENZA (VI)","Vicenza","Vi","Veneto","Italia"
"HAMAL VIAGGI S.R.L.","VIA TREVISANA 98 - 31052 - MASERADA SUL PIAVE (TV)","Maserada Sul Piave","Tv","Veneto","Italia"
"CARRARO ANDREA JAIME","VIA CAMPOLINO 18 -  - VIGONZA (PD)",,,,"Italia"
"EDEN RELAIS S.R.L.","VIA PROVINCIALE SNC - 84044 - ALBANELLA (SA)","Albanella","Salerno","Campania","Italia"
"FARMACIA WAGNER DI DR. DE ANGELI GIORGIO","VIA MICHELANGELO BUONARROTI 0005 - 20149 - MILANO (MI)","Milano","Mi","Lombardia","Italia"
"VOZZA VALERIA","LOCALITA' FORTETI SNC - 58014 - MANCIANO (GR)","Manciano","Gr","Toscana","Italia"
"PANEPINTO  GIUSEPPE","VIA UMBRIA 1 - 92020 - SAN GIOVANNI GEMINI (AG)","San Giovanni Gemini","Agrigento","Sicilia","Italia"
"FIORILANDIA DI TALLUTO VANESSA MARIA GRAZIA","VIA VALLE D'AOSTA 24 - 93100 - CALTANISSETTA (CL)","Caltanissetta","Caltanissetta","Sicilia","Italia"
"SERVIZI IMPRESE GROSSETO S.R.L.","VIA DELLA PACE 154 - 58100 - GROSSETO (GR)","Grosseto","Gr","Toscana","Italia"
"DIFONZO GIUSEPPE","VIA ANGELO TERLIZZI 13/15 - 70029 - SANTERAMO IN COLLE (BA)","Santeramo in Colle","Bari","Puglia","Italia"
"VENTRESCA RAOUL","VIA DELLA CASA COMUNALE 8 - 13894 - GAGLIANICO (BI)","Gaglianico","Biella","Piemonte","Italia"
"DIFONZO GIUSEPPE","VIA PIRANDELLO 16/A - 70029 - SANTERAMO IN COLLE (BA)","Santeramo in Colle","Bari","Puglia","Italia"
"BERTA GIOVANNI","VIALE MONZA 0043 - 20125 - MILANO (MI)","Milano","Mi","Lombardia","Italia"
"LAZZARO VICTORIA",,,,,"Italia"
"MICCOLI MARIA ADELE","VIA TEVERE 7 - 73010 - PORTO CESAREO (LE)","Porto Cesareo","Lecce","Puglia","Italia"
"ANTICO FORNO DI DI LAURO GIULIANO","VIA BOSCO DI CAPODIMONTE 51/A - 80131 - NAPOLI (NA)","Napoli","Na","Campania","Italia"
"QUERCIA VINCENZO","VIA BARAZZA 42 - 13050 - BIELLA (BI)","Biella","Biella","Piemonte","Italia"
"MONTANELLI PAOLO","VIA CAMILLO BENSO DI CAVOUR 30/32 - 55011 - ALTOPASCIO (LU)","Altopascio","Lucca","Toscana","Italia"
"DIFONZO GIUSEPPE","VIA ADRIATICO 64/8 - 70029 - SANTERAMO IN COLLE (BA)","Santeramo in Colle","Bari","Puglia","Italia"
"SPIDEM S.P.A.","VIA SEMPIONE 0251 - 20016 - PERO (MI)","Pero","Milano","Lombardia","Italia"
"DEL GROSSO ADDOLORATA","CONTRADA SALA - 82030 - CAUTANO (BN)","Cautano","Benevento","Campania","Italia"
"FA CAPITAL S.P.A.","RUE DU FOSSE' L-1536 L-1536 -  - LUSSEMBURGO (EE)",,,,"Italia"
"IMMOBILIARE 80046 S.R.L.","VIA GIOSUE' CARDUCCI 11/13 - 80046 - SAN GIORGIO A CREMANO (NA)","San Giorgio a Cremano","Napoli","Campania","Italia"
"TURCURIS SOCIETA' AGRICOLA S.S","VIA ANTONIO BALLERO 13 - 08028 - OROSEI (NU)","Orosei","Nu","Sardegna","Italia"
"AZIENDA AGRICOLA PROSPERI ANDREA","VIA MONTE VETTORE 6 - 62010 - APPIGNANO (MC)","Appignano","Macerata","Marche","Italia"
"VIRGOLIN DANIEL","VIA 3 APRILE 3C - 34076 - MEDEA (GO)","Medea","Gorizia","Friuli-Venezia Giulia","Italia"
"SICILCOLOR DI VITANZA SALVATORE","VIA CASE BASSE PAL. 13 - 98100 - MESSINA (ME)","Messina","Me","Sicilia","Italia"
"BAR SAVOIA DI DALLA DEA SARA E C. - S.A.S.","VIA IVREA 26 - 13900 - BIELLA (BI)","Biella","Bi","Piemonte","Italia"
"SERRA EFISIO","VIA CROCE DI FERRO 2 - 09040 - SAN BASILIO (CA)","San Basilio","Sud Sardegna","Sardegna","Italia"
"MOTISI GIUSEPPE","VIA PESCHERIA 40 - 90017 - SANTA FLAVIA (PA)","Santa Flavia","Palermo","Sicilia","Italia"
"IMMOBILIARE ANTARES SRL","PIAZZA ELEONORA DUSE 3 - 20122 - MILANO (MI)","Milano","Milano","Lombardia","Italia"
"COSTIERI JURI","VIA PIAGIOLINO 19 - 60012 - TRECASTELLI (AN)","Trecastelli","Ancona","Marche","Italia"
"CORRIERI IN BICI BIKE MESSENGERS FC DI FRULLONI DENIS","VIA CANGINI F.LLI 19 - 47121 - FORLI' (FO)","Forli'","Fo",,"Italia"
"BIKER ZONE DI COATTI NICO","VIA VERONA 28-30 - 37060 - SONA (VR)","Sona","Vr","Veneto","Italia"
"DIMAR DI DISTEFANO MANUELE CONCETTO","VIA GALERMO 215 -  - MISTERBIANCO (CT)",,,,"Italia"
"D'ANDREA MARIA ANTONIETTA","VIA DELLE BALENIERE 91/A/B - 00121 - ROMA (RM)","Roma","Roma","Lazio","Italia"
"PIZZERIA BIG SRLS","CORSO GIUSEPPE MAZZINI 27 - 63066 - GROTTAMMARE (AP)","Grottammare","Ap","Marche","Italia"
"RAPACCINI PAOLO DI RAPACCINI CESARE E C. S.N.C.","VIA CERTOSA 15 - 53019 - CASTELNUOVO BERARDENGA (SI)","Castelnuovo Berardenga","Si","Toscana","Italia"
"IRPINIA BESTIAME S.R.L.","VIA XXV LUGLIO 15 - 83050 - SAN SOSSIO BARONIA (AV)","San Sossio Baronia","Avellino","Campania","Italia"
"CENTRO DI MEDICINA DELLO SPORT DI PISA DI FARAGGIANA D. D. C. SPAGNUOLO S. E PIEROTTI S. ASSOCIAZIONE PROFESSIONALE","VIA ANDREA PISANO 126 - 56122 - PISA (PI)","Pisa","Pisa","Toscana","Italia"
"LA MIMOSA DI FRANCHETTI SUSY","VIA SENESE 17/19 -  - CASTIGLIONE D'ORCIA (SI)",,,,"Italia"
"E.C. ELETTRICA DI COLOMBO ENRICO","VIA GENERALE GUSTAVO FARA 54 - 28100 - NOVARA (NO)","Novara","No","Piemonte","Italia"
"D.F.G. DI DIFONZO GIUSEPPE VITO S.A.S.","VIA DON MINZONI 32 - 70023 - GIOIA DEL COLLE (BA)","Gioia del Colle","Bari","Puglia","Italia"
"TORREFAZIONE STELLINO S.R.L.","CORSO VI APRILE 275 - 91011 - ALCAMO (TP)","Alcamo","Tp","Sicilia","Italia"
"CAGLIO PIETRO GIULIO","VIA GUIDO ROSSA 11 - 25026 - CONCESIO (BS)","Concesio","Brescia","Lombardia","Italia"
"TRATTORIA ALLA VECCHIA RIALTO SNC DI COCCATO MARINO E C.","VIA RIALTO 92 - 35020 - BRUGINE (PD)","Brugine","Padova","Veneto","Italia"
"LA PRUA S.R.L.","VIA PIERSANTI MATTARELLA 12 - 96012 - AVOLA (SR)","Avola","Sr","Sicilia","Italia"
"SOGEA S.R.L.","VIALE GIOVANNI AMENDOLA 23 - 66100 - CHIETI (CH)","Chieti","Ch","Abruzzo","Italia"
"MARCHETTO DANIELE EDOARDO MARIA","LARGO SCALABRINI GIOVANNI BATTISTA 6 - 20146 - MILANO (MI)","Milano","Milano","Lombardia","Italia"
"STUDIO TECNICO ASSOCIATO PROSPERI & PAOLOROSSI","BORGO VENTI SETTEMBRE 20 - 62010 - APPIGNANO (MC)","Appignano","Macerata","Marche","Italia"
"DEMURTAS & CARTA S.N.C. DI DEMURTAS SALVATORE E CARTA VITTORIO","VIA GRAMSCI 1 - 07100 - SASSARI (SS)","Sassari","Sassari","Sardegna","Italia"
"MOTO AND CARS DI SAVIANO SALVATORE","VIA PAPA GIOVANNI XXIII 91/95 - 90011 - BAGHERIA (PA)","Bagheria","Palermo","Sicilia","Italia"
"NET SERVICE DI VASILE ALBERTO","VIA ALDO MORO 35 - 95045 - MISTERBIANCO (CT)","Misterbianco","Catania","Sicilia","Italia"
"PELLEGRINI - S.R.L. IN LIQUIDAZIONE","VIA TOSCA 12 - 37131 - VERONA (VR)","Verona","Vr","Veneto","Italia"
"AZ.AGRICOLA F.LLI CALEVI ALBERTO E STEFANO S.S SOCIETA' AGRI COLA","STRADA PROCOIO 25 - 01100 - VITERBO (VT)","Viterbo","Viterbo","Lazio","Italia"
"CAPRIO PASQUALESILVIO","VIA VIVALDI S.C. - 81100 - CASERTA (CE)","Caserta","Caserta","Campania","Italia"
"PAPA PLACIDA","VIA NAPOLI 13 - 81028 - SANTA MARIA A VICO (CE)","Santa Maria a Vico","Caserta","Campania","Italia"
"VITELLO INDUSTRIES SRLS","CONTRADA S. BENEDETTO - 92100 - AGRIGENTO (AG)","Agrigento","Agrigento","Sicilia","Italia"
"AICON COSTRUZIONI S.R.L.","VIA SAN FRANCESCO A PATRIA 196 - 80014 - GIUGLIANO IN CAMPANIA (NA)","Giugliano In Campania","Na","Campania","Italia"
"OLTREMARE ARTE CONTEMPORANEA DI CHICO SCHOEN E GUIDO GUIDI S.N.C. IN LIQUIDAZIONE","CORSO ANDREA PODESTA 12/2 - 16128 - GENOVA (GE)","Genova","Genova","Liguria","Italia"
"CG CONSULTING GROUP S.R.L.","VIA BORGO SANT'ANTONIO 1 - 33170 - PORDENONE (PN)","Pordenone","Pordenone","Friuli-Venezia Giulia","Italia"
"CASTIGLIA GIANLUIGI","VIA SERG. ANTONIO MINA' 6 - 90013 - CASTELBUONO (PA)","Castelbuono","Palermo","Sicilia","Italia"
"TOM E ZAGOR S.A.S. DI IZZO TOMMASO & C.","VIA DEI LAURI 24 - 04011 - APRILIA (LT)","Aprilia","Latina","Lazio","Italia"
"FOTOFILM PIRISI DI PIRISI ANNA RITA","CORSO GARIBALDI 43 -  - NUORO (NU)",,,,"Italia"
"ANGELI MARCO","CARCARICOLA 24 - 00133 - ROMA (RM)","Roma","Roma","Lazio","Italia"
"MIROAL S.N.C. DI BUBBOLINI ROBERTO & C.","VIALE TRIESTE 9 - 62100 - MACERATA (MC)","Macerata","Macerata","Marche","Italia"
"VILLA VITTORIA SAS DI COLOMBO ROBERTO & C.","VIALE VALASSINA 64 - 20851 - LISSONE (MB)","Lissone","Monza e della Brianza","Lombardia","Italia"
"ZENARO LUCA","VIA GIACOMO PUCCINI 17/F - 21054 - FAGNANO OLONA (VA)","Fagnano Olona","Varese","Lombardia","Italia"
"AGRIVERDE DI DIFONZO GIUSEPPE & C. SAS","CONTRADA BORGO PERRONE 220 - 74011 - CASTELLANETA (TA)","Castellaneta","Taranto","Puglia","Italia"
"CATINELLA ANTONINO","CORSO VITTORIO EMANUELE 511 - 96014 - FLORIDIA (SR)","Floridia","Siracusa","Sicilia","Italia"
"BICKERT NORBERT",,,,,"Italia"
"GP COSTRUZIONI - SOCIETA' A RESPONSABILITA' LIMITATA SEMPLIFICATA UNIPERSONALE","VIA VITTORIO VENETO 130 - 91011 - ALCAMO (TP)","Alcamo","Trapani","Sicilia","Italia"
"PALLETS BERTOLIN S.R.L.","VIA CROSARONA 68 - 30033 - NOALE (VE)","Noale","Venezia","Veneto","Italia"
"DA MOVE","VIA SANTO STEFANO 27 - 20008 - BAREGGIO (MI)","Bareggio","Milano","Lombardia","Italia"
"ASSOCIAZIONE SPORTIVA DILETTANTISTICA CALCIO MENAGGIO 1920","VIA ROMA 4 - 22017 - MENAGGIO (CO)","Menaggio","Como","Lombardia","Italia"
"MULTIPOWER SOCIETA' COOPERATIVA","VIA DOMENICO SPATOLISANO SN - 89031 - ARDORE (RC)","Ardore","Reggio Calabria","Calabria","Italia"
"NP AIR S.R.L.","VIA EINAUDI 6 - 10070 - ROBASSOMERO (TO)","Robassomero","Torino","Piemonte","Italia"
"STOPPA ELISA AZIENDA AGRICOLA","VIA CARDINALE C. AGOSTINI 78/A - 35018 - SAN MARTINO DI LUPARI (PD)","San Martino di Lupari","Padova","Veneto","Italia"
"KHALIL SAID","VIA SPADARI 79 - 27010 - MAGHERNO (PV)","Magherno","Pavia","Lombardia","Italia"
"FOOD CONCEPTS S.R.L.","VIALE LUIGI MAJNO 26 - 20129 - MILANO (MI)","Milano","Mi","Lombardia","Italia"
"CIPRIANI COSTRUZIONI S.R.L.","VIA DELLE ISOLE 46 - 31016 - CORDIGNANO (TV)","Cordignano","Treviso","Veneto","Italia"
"THE DREAMS ROOM DI FAVICCHIO SABRINA",,,,,"Italia"
"MARINO ANGELO","MARIO RAPISARDI 15 - 95030 - TREMESTIERI ETNEO (CT)","Tremestieri Etneo","Ct","Sicilia","Italia"
"DIESSE IMPIANTI DI SOLDARELLI DANIELE","VIA GUASTO 3 - 22015 - GRAVEDONA ED UNITI (CO)","Gravedona ed Uniti","Como","Lombardia","Italia"
"CUCINE & CUCINE DI CIRILLO EGIDIO","VIA C. BORROMEO 6 - 90142 - PALERMO (PA)","Palermo","Palermo","Sicilia","Italia"
"RAGAZZO LINDA","VIA XXV APRILE 60 - 30030 - SALZANO (VE)","Salzano","Venezia","Veneto","Italia"
"EDILQUATTRO DI MAZZER ROMEO & C. S.N.C.","VICOLO SAN PAOLO, 16 - 31020 - SAN VENDEMIANO (TV)","San Vendemiano","Treviso","Veneto","Italia"
"ELECTRONIC BUSINNES SOLUTIONS DI CASTIGLIONI ROBERTO","VIA DE AMICIS 15 - 21040 - VEDANO OLONA (VA)","Vedano Olona","Varese","Lombardia","Italia"
"OX*VALSETTA S.R.L.","VIA GAMBERATE 41 - 40048 - SAN BENEDETTO VAL DI SAMBRO (BO)","San Benedetto Val di Sambro","Bologna","Emilia-Romagna","Italia"
"SOCIETA' AGRICOLA VOLA FRATELLI SOCIETA' SEMPLICE SIGLABILE SOCIETA' AGRICOLA VOLA FRATELLI S.S.","VIA GIACOSA 11/D - 12050 - TREISO (CN)","Treiso","Cuneo","Piemonte","Italia"
"DI GIOIA MAFALDA ROSA","- 71010 -  ()",,,,"Italia"
"BAR MIO S.A.S. DI CERULLO ARTURO","VIA ARBUSTO 5 - 80016 - MARANO DI NAPOLI (NA)","Marano di Napoli","Napoli","Campania","Italia"
"MOUKRIM BOUAZZA","VIA DELLA VITTORIA 07 - 60033 - CHIARAVALLE (AN)","Chiaravalle","Ancona","Marche","Italia"
"GIBIESSE COSTRUZIONI EDILI DI SPOLVERINI FABIO","VIA DEL PONTE 3 - 50067 - RIGNANO SULL'ARNO (FI)","Rignano sull'Arno","Firenze","Toscana","Italia"
"BAR CAFFE' GIARDINO DI CHERCHI OSVALDO","VIA ROMA 55 - 07100 - SASSARI (SS)","Sassari","Sassari","Sardegna","Italia"
"BONO ANGELO","VIA BENESSEA 40 - 17035 - CISANO SUL NEVA (SV)","Cisano sul Neva","Savona","Liguria","Italia"
"AUTOSPORT ITALIA S.R.L.","VIA PROVINCIALE NOMENTANA 339/D - 00013 - FONTE NUOVA (RM)","Fonte Nuova","Roma","Lazio","Italia"
"2R ARREDAMENTI SRL IN LIQUIDAZIONE","VIA BRUSATI 1 - 26040 - MARTIGNANA DI PO (CR)","Martignana di Po","Cremona","Lombardia","Italia"
"MORGAN -S.A.S.- DI CAPANNI MIRELLA E C.","VIA A. BURRI 14/2 - 50028 - BARBERINO TAVARNELLE (FI)","Barberino Tavarnelle","Fi","Toscana","Italia"
"TRASLOCHI MATERA SERVICE DI BRIZIO MARIA & C. S.A.S.","VIA INDUSTRIE CONTE S.N. - 74014 - LATERZA (TA)","Laterza","Taranto","Puglia","Italia"
"LA PARTENOPHE DI ROSARIA BACIO TERRACINO","VIALE SAN MARCO 35/A - 34074 - MONFALCONE (GO)","Monfalcone","Gorizia","Friuli-Venezia Giulia","Italia"
"CARUTTI EFISIO MARIA","VIA CREMONA TRANQUILLO 29 - 20145 - MILANO (MI)","Milano","Milano","Lombardia","Italia"
"FARMACIA DI BRUSAPORTO S.R.L.","VIA LUIGI TOGNOLI 12 - 24060 - BRUSAPORTO (BG)","Brusaporto","Bergamo","Lombardia","Italia"
"BELLA MARKET SOCIETA' A RESPONSABILITA' LIMITATA SEMPLIFICATA","VIA POZZONE GIUSEPPE 5 - 20121 - MILANO (MI)","Milano","Milano","Lombardia","Italia"
"FEDERICO SACCO DI SABRINA BIAFORA","VIA ROMA 27/29 - 87055 - SAN GIOVANNI IN FIORE (CS)","San Giovanni in Fiore","Cosenza","Calabria","Italia"
"LIA GIORNALI DI EDMONDO SECCHI","VIA ROMA 37 - 21023 - BESOZZO (VA)","Besozzo","Varese","Lombardia","Italia"
"AOS S.R.L.","VIA VITTORIO VENETO 58/60 - 20846 - MACHERIO (MB)","Macherio","Monza e della Brianza","Lombardia","Italia"
"CINQUE LUIGI","VIA DOMENICO CIMAROSA 11 - 70022 - ALTAMURA (BA)","Altamura","Bari","Puglia","Italia"
"NEW LIMITS MONTURANESE ASSOCIAZIONE SPORTIVA DILETTANTISTICA","VIA MONTEGRAPPA N 45 - 63813 - MONTE URANO (FM)","Monte Urano","Fermo","Marche","Italia"
"PERUGINI PIERPAOLO","VIA F. CORRIDONI 105 - 62028 - SARNANO (MC)","Sarnano","Macerata","Marche","Italia"
"STRAPIZZAMI SOCIETA' A RESPONSABILITA' LIMITATA SEMPLIFICATA","VIA SAN FILIPPO NERI S.C. - 70016 - NOICATTARO (BA)","Noicattaro","Bari","Puglia","Italia"
"CERUTTI G. & C. S.N.C. AUTOTRASPORTI","VIA NOVARA 169 - 28021 - BORGOMANERO (NO)","Borgomanero","Novara","Piemonte","Italia"
"VITO'S SOCIETA'  COOPERATIVA - IN LIQUIDAZIONE COATTA AMMINISTRAT IVA","VIA ALLEGRO 9 - 92020 - CAMASTRA (AG)","Camastra","Agrigento","Sicilia","Italia"
"POERIO NICOLA","VIA CHERUBINI LUIGIO SALVATORE 12 - 10154 - TORINO (TO)","Torino","Torino","Piemonte","Italia"
"HAIR DREAM DI DI GIACOMO GIUSEPPE","VIA ALCIDE DE GASPERI 2/C - 20070 - CERRO AL LAMBRO (MI)","Cerro Al Lambro","Mi","Lombardia","Italia"
"BONTA' DEL GRANO S.R.L.","VIA SAN GIACOMO 5 - 03043 - CASSINO (FR)","Cassino","Frosinone","Lazio","Italia"
"BLA...BLA...BAR DI GAZZANIGA SERENA","VIA GRAMSCI 53 - 15121 - ALESSANDRIA (AL)","Alessandria","Alessandria","Piemonte","Italia"
"GENTILE GAETANO","LOCALITA ANGLONA 5 - 75028 - TURSI (MT)","Tursi","Matera","Basilicata","Italia"
"CORDERIA BOSSI S.A.S. DI DEREVIZIIS ORNELLA & C.","VIA EUGENIO CANTONI 8 - 21013 - GALLARATE (VA)","Gallarate","Varese","Lombardia","Italia"
"GHIROTTO ANDREA","VIA NASCOSA 1918 - 04100 - LATINA (LT)","Latina","Latina","Lazio","Italia"
"ALEMAR S.A.S. DI FERRARI MARIO & C.","VIA SCAVINI 2/A - 28100 - NOVARA (NO)","Novara","No","Piemonte","Italia"
"LANINI LORIS","LOCALITA' MUCIGNANI - 53041 - ASCIANO (SI)","Asciano","Siena","Toscana","Italia"
"PAOLONI CRISTIAN","VIA CAVOUR 41 - 00048 - NETTUNO (RM)","Nettuno","Roma","Lazio","Italia"
"IDROCOMFORT SRLS","VIA VITTORIO EMANUELE III 138 - 73049 - RUFFANO (LE)","Ruffano","Lecce","Puglia","Italia"
"CARTOLIBRERIA LA TORRE DI MARUTI MARZIA","LARGO DELLA VITTORIA 8 - 26026 - PIZZIGHETTONE (CR)","Pizzighettone","Cremona","Lombardia","Italia"
"PETROL TRADE & CO. S.R.L.","PIAZZALE EUGENIO MORELLI 9 - 00151 - ROMA (RM)","Roma","Rm","Lazio","Italia"
"D AMARIO PATRIZIA","LARGO DI SANTA SUSANNA 15 - 00187 - ROMA (RM)","Roma","Roma","Lazio","Italia"
"PASQUA - SOCIETA' IN ACCOMANDITA SEMPLICE DI RONCI PATRIZIA & C.","PIAZZA CESARE BATTISTI 10 - 00042 - ANZIO (RM)","Anzio","Rm","Lazio","Italia"
"MILAN DAVIDE","VIA DELLO STORIONE 11 - 30016 - JESOLO (VE)","Jesolo","Venezia","Veneto","Italia"
"LOPEZ LUCIANO","VIA MONTE CRISTALLO 14 - 21100 - VARESE (VA)","Varese","Varese","Lombardia","Italia"
"LUMEN SPES SRLS IN LIQUIDAZIONE","VIA GIUSEPPE DI VITTORIO 21 - 40038 - VERGATO (BO)","Vergato","Bologna","Emilia-Romagna","Italia"
"MEDIOLI RAFFAELLA","VIA PASUBIO 45/47 - 20067 - PAULLO (MI)","Paullo","Milano","Lombardia","Italia"
"VECCHIO TOMMASO","VIA BOLTRAFFIO GIAN ANTONIO 16 - 20159 - MILANO (MI)","Milano","Milano","Lombardia","Italia"
"K.C.A. DI LO PICCOLO PIETRO","VIA SALVATORE PUGLISI 9 - 90143 - PALERMO (PA)","Palermo","Palermo","Sicilia","Italia"
"VIVAI MONDO VERDE SOCIETA' COOPERATIVA IN LIQUIDAZIONE","VIA TENENTE RAO 19 - 92024 - CANICATTI' (AG)","Canicatti'","Ag","Sicilia","Italia"
"TVN S.R.L.","CORSO MAGENTA 85 - 20123 - MILANO (MI)","Milano","Milano","Lombardia","Italia"
"STUDIO LEGALE PASTORE TAMBURRINO ASSOCIATO","VIA NAPOLI 46 - 80022 - ARZANO (NA)","Arzano","Na","Campania","Italia"
"CHEMELLO PAOLO","VIA OGNISSANTI 27 - 36066 - SANDRIGO (VI)","Sandrigo","Vicenza","Veneto","Italia"
"IMPRESA EDILE DI MOHAMED WALID",,,,,"Italia"
"BANCO DELLO SVAPO DI BARCAROLO EMANUEL","VIA LEONARDO MURIALDO 198 - 01100 - VITERBO (VT)","Viterbo","Viterbo","Lazio","Italia"
"RAVALLI- SRL IN LIQUIDZIONE","THROGMORTON STREET 29 - 20019 - LONDRA (EE)","Londra","Ee",,"Italia"
"NEW SERVICE ASSISTANCE DI GASPARINI EMILIANO","VIA JOHN FITZGERALD KENNEDY 18 - 21040 - VEDANO OLONA (VA)","Vedano Olona","Varese","Lombardia","Italia"
"CO&CO PROGETTI SOCIETA' A RESPONSABILITA' LIMITATA SEMPLIFICATA","VIA DEI SAVORELLI 103 - 00165 - ROMA (RM)","Roma","Roma","Lazio","Italia"
"PORETTI OSCAR","VIA ADAMELLO 13 - 24020 - SCANZOROSCIATE (BG)","Scanzorosciate","Bergamo","Lombardia","Italia"
"COLLAGE DI SERI MARISA & C. - S.N.C.","VIA PICENA - 62020 - RIPE SAN GINESIO (MC)","Ripe San Ginesio","Macerata","Marche","Italia"
"VIANORD ENGINEERING ITALY S.R.L. IN LIQUIDAZIONE","PAL. PIRANESI 7/02 - 20084 - LACCHIARELLA (MI)","Lacchiarella","Milano","Lombardia","Italia"
"COOPERATIVA EOS SOC. COOP. A R.L.","VIA RANDAZZO 139 - 90035 - MARINEO (PA)","Marineo","Palermo","Sicilia","Italia"
"SASBERG S.R.L. IN LIQUIDAZIONE","VIA XXV APRILE 1945 21 - 24050 - ZANICA (BG)","Zanica","Bergamo","Lombardia","Italia"
"BLU SERVICE SRL - IN LIQUIDAZIONE","VIA SANTI OLZA PO 19 - 29010 - MONTICELLI D'ONGINA (PC)","Monticelli D'ongina","Pc","Emilia-romagna","Italia"
"MIDIAMOND GROUP S.R.L.","VIA RAIMONDO ANNECCHINO 258 - 80078 - POZZUOLI (NA)","Pozzuoli","Napoli","Campania","Italia"
"TURRI ALBERTO","VIA ROCCA PENDICE 21 - 35031 - ABANO TERME (PD)","Abano Terme","Padova","Veneto","Italia"
"PARIS MASSIMO","VIA RASSETTI 2 - 24060 - VIADANICA (BG)","Viadanica","Bergamo","Lombardia","Italia"
"ERA D'ARIA LAB DI SETTI GABRIEL","VIA VARINI 30 - 38068 - ROVERETO (TN)","Rovereto","Trento","Trentino-Alto Adige","Italia"
"ATS - SOCIETA' A RESPONSABILITA' LIMITATA IN LIQUIDAZIONE","VIA GIUSEPPE DEVERS 68 - 00173 - ROMA (RM)","Roma","Roma","Lazio","Italia"
"ALLEGRA JESSICA","PIAZZA ARTURO TOSCANINI 15 - 20014 - NERVIANO (MI)","Nerviano","Milano","Lombardia","Italia"
"MONTELEONE VALERIA","VIALE P.PE UMBERTO 168 - 95041 - CALTAGIRONE (CT)","Caltagirone","Catania","Sicilia","Italia"
"PRATICO' PAOLO","VIA PALMI, 35 - 89132 - REGGIO CALABRIA (RC)","Reggio Calabria","Rc","Calabria","Italia"
"CRIK CROK DI ATZORI RICCARDO",,,,,"Italia"
"DITTA GATTI DI GATTO ALDO","PIAZZA BORGO PILA 6 - 16129 - GENOVA (GE)","Genova","Genova","Liguria","Italia"
"AUTONAUTICA  BOMBER S.A.S. DI GIACOMOZZI MAURIZIO & C.","VIA DI ACQUA BULLICANTE 161 - 00177 - ROMA (RM)","Roma","Roma","Lazio","Italia"
"BOSKIN PETER","LOCALITA' VALERISCE 18 - 34070 - SAN FLORIANO DEL COLLIO (GO)","San Floriano Del Collio","Go","Friuli-venezia Giulia","Italia"
"DEDA PETRIT","VIALE MEDAGLIE D'ORO 47 - 15121 - ALESSANDRIA (AL)","Alessandria","Alessandria","Piemonte","Italia"
"PETER PANTY S.A.S. DI PANTIGLIONI CHIARA E ALICE","VIA DUCA DEGLI ABRUZZI 69 - 37069 - VILLAFRANCA DI VERONA (VR)","Villafranca di Verona","Verona","Veneto","Italia"
"THINK BAU TECH CZ S.R.O.","VIA CANOVA 21 - 20145 - MILANO (MI)","Milano","Milano","Lombardia","Italia"
"AUTOFFICINA ARTUR DI ALLA ARTUR","VIA G. MARCORA 6 - 60022 - CASTELFIDARDO (AN)","Castelfidardo","An","Marche","Italia"
"URCIUOLO ANTONIO","CORSO PARTENIO 78 - 83015 - PIETRASTORNINA (AV)","Pietrastornina","Avellino","Campania","Italia"
"STUDIO DENTISTICO DOTT. ANTONINO FIORINO",,,,,"Italia"
"GOGARDENS MULTISERVICE DI MIRIAM CORTES","VIA GIOACCHINO ROSSINI 9 - 63843 - MONTOTTONE (FM)","Montottone","Fermo","Marche","Italia"
"IL PODERE DEL FALCO DI BAGATTI ALIDA E C. S.A.S. PER BREVITA' ANCHE CON LA SIGLA IL PODERE DEL FALCO S.A.S.","LOC.SAN PIETRO CAMPAGNA 165 - 06081 - ASSISI (PG)","Assisi","Perugia","Umbria","Italia"
"CONSERVAZIONE E RESTAURO DIPINTI DI PUCCI SANDRA","VIA APPALTO 11 - 50050 - CERRETO GUIDI (FI)","Cerreto Guidi","Firenze","Toscana","Italia"
"DI COSTANZO DANILO","VIA GIUSTINIANO 259 - 80126 - NAPOLI (NA)","Napoli","Napoli","Campania","Italia"
"REBEL REBEL DI ESPOSITO LUCA","VIA MADONNA DEL PRATO 12 - 52100 - AREZZO (AR)","Arezzo","Arezzo","Toscana","Italia"
"SINERGY ASSICURAZIONI S.A.S. DI ROBERTO GAVIANO & C.","VIA BALDASSARRE CASTIGLIONE 81 - 09131 - CAGLIARI (CA)","Cagliari","Cagliari","Sardegna","Italia"
"CENTRO DEL PIEDE DI MORANDIN TATIANA","VIA DELL'ARTIGIANO 1/C - 32026 - BORGO VALBELLUNA (BL)","Borgo Valbelluna","Belluno","Veneto","Italia"
"ITALIA ENERGY S.R.L.","VIA IV NOVEMBRE 2 - 26043 - PERSICO DOSIMO (CR)","Persico Dosimo","Cremona","Lombardia","Italia"
"MENCARONI MARISA","LOCALITA' CASE NUOVE - CASE SPARSE 3 - 06063 - MAGIONE (PG)","Magione","Perugia","Umbria","Italia"
"SANVITO MARINO","VIA MAZZINI 4 - 21020 - LUVINATE (VA)","Luvinate","Varese","Lombardia","Italia"
"RAMPINELLI LILIANA","VIA RAGIONIER ANTONIO PESENTI - 24040 - LALLIO (BG)","Lallio","Bergamo","Lombardia","Italia"
"KENDARTECH S.R.L. IN LIQUIDAZIONE","VIA TORINO 186 - 30172 - VENEZIA (VE)","Venezia","Ve","Veneto","Italia"
"PACINI FABIO","VIA DELL'ARGENTO 1 - 58023 - GAVORRANO (GR)","Gavorrano","Grosseto","Toscana","Italia"
"CLS SOCIETA' A RESPONSABILITA' LIMITATA SEMPLIFICATA","VIA NAZIONALE 238 - 88060 - MONTEPAONE (CZ)","Montepaone","Catanzaro","Calabria","Italia"
"BAR ANGELOBIONDO DI SCIORTINO MARIA","VIA DELLA BEVERARA 154/B - 40131 - BOLOGNA (BO)","Bologna","Bologna","Emilia-Romagna","Italia"
"PATTI NICOLO'","VIALE MARIO MILAZZO 132 - 95041 - CALTAGIRONE (CT)","Caltagirone","Catania","Sicilia","Italia"
"ANZUINI ENRICA","VIA PADRE IPPOLITO DESIDERI 65/67 - 51100 - PISTOIA (PT)","Pistoia","Pistoia","Toscana","Italia"
"GALLESE GIORGIO","STRADA CASCINETTA 2 - 28100 - NOVARA (NO)","Novara","No","Piemonte","Italia"
"TRAVAGLIATI VERONICA","STRADA PROVINCIALE DOGANA 7 - 01014 - MONTALTO DI CASTRO (VT)","Montalto di Castro","Viterbo","Lazio","Italia"
"ALMAZA S.R.L.","VIA PIAN DI SCO 62/B - 00139 - ROMA (RM)","Roma","Roma","Lazio","Italia"
"MAPA COSTRUZIONI SOCIETA' A RESPONSABILITA' LIMITATA SEMPLIFICATA","VIA FRANCESCO PETRARCA 50 - 80122 - NAPOLI (NA)","Napoli","Napoli","Campania","Italia"
"CANTI AMNERIS","VIA PISTOIESE 75 - 51011 - BUGGIANO (PT)","Buggiano","Pistoia","Toscana","Italia"
"CACCIOLA ANTONIO","VIA E. BALDI 3 - 10098 - RIVOLI (TO)","Rivoli","Torino","Piemonte","Italia"
"VILLACOLLE DI MARIANNA COLOTTI","STRADA DI MONTEFELTRO 53 - 61122 - PESARO (PS)","Pesaro","Pesaro e Urbino","Marche","Italia"
"SPEDICATO MICHELE","VIA S.G. D'ARCO 20 - 73041 - CARMIANO (LE)","Carmiano","Lecce","Puglia","Italia"
"CLASSIK FOTO OTTICA DI GERVASI CLAUDIA","VIA CROCIFISSA DI ROSA 32 -  - BRESCIA (BS)",,,,"Italia"
"BA.BE SOCIETA' A RESPONSABILITA' LIMITATA SEMPLIFICATA","PIAZZA MARCONI 34 - 36034 - MALO (VI)","Malo","Vicenza","Veneto","Italia"
"ELLE EFFE INNOVATIVE GROUP SRL","PIAZZA DELLA VITTORIA 22 - 20015 - PARABIAGO (MI)","Parabiago","Milano","Lombardia","Italia"
"B.M. IMMOBILIARE - SOCIETA A RESPONSABILITA LIMITATA","VIA APPIA SUD 22 - 00049 - VELLETRI (RM)","Velletri","Roma","Lazio","Italia"
"GE.MAC. S.R.L.","VILLAGGIO MATTA E PERU - 08020 - BUDONI (NU)","Budoni","Sassari","Sardegna","Italia"
"FORESTI AUTOTRASPORTI DI FEDRIGHINI AGOSTINO & C. S.A.S.","VIA SANT'ANNA 21 - 24060 - VILLONGO (BG)","Villongo","Bergamo","Lombardia","Italia"
"CALKOS S.R.L.","VIALE SAN MICHELE DEL CARSO 2 - 20144 - MILANO (MI)","Milano","Mi","Lombardia","Italia"
"S.I.A. SOCIETA' A RESPONSABILITA' LIMITATA SEMPLIFICATA","VIA GIUSEPPE LEONARDI 52 - 95022 - ACI CATENA (CT)","Aci Catena","Catania","Sicilia","Italia"
"COSTAMAGNA MAURO","PIAZZA DELLA REPUBBLICA 18/A - 10093 - COLLEGNO (TO)","Collegno","Torino","Piemonte","Italia"
"CIPOLLA MORENA","VICOLO BORGOGNO 9/A - 28921 - VERBANIA (VB)","Verbania","Verbano-Cusio-Ossola","Piemonte","Italia"
"CASEIFICIO DEI BRONTESI DI BUCCHERI FILIPPO","CONTRADA CAPEZZANA - 95040 - RAMACCA (CT)","Ramacca","Catania","Sicilia","Italia"
"WITALY BIO S.R.L. IN LIQUIDAZIONE","PIAZZETTA C. CATTANEO 5/5 - 35010 - CAMPO SAN MARTINO (PD)","Campo San Martino","Padova","Veneto","Italia"
"KULWINDER SINGH",,,,,"Italia"
"VOGLIA VERDE SOC.COOP. A R.L.","VIA PIETRO MASCAGNI 16 - 92024 - CANICATTI' (AG)","Canicatti'","Ag","Sicilia","Italia"
"INKSPIRITO DI NARDI ALESSIO","VIA XXV APRILE 54 - 52100 - AREZZO (AR)","Arezzo","Arezzo","Toscana","Italia"
"NASTASI FEDERICA","C.DA GRANELLI SN - 96018 - PACHINO (SR)","Pachino","Siracusa","Sicilia","Italia"
"BINI S.N.C. DI BINI DAMIANO & C.","VIA SAN GIUSTO 18/V - 56037 - PECCIOLI (PI)","Peccioli","Pisa","Toscana","Italia"
"MAIND DI CARRARO ANDREA","STRADA NOALESE SUD 11/2 - 30033 - NOALE (VE)","Noale","Venezia","Veneto","Italia"
"VINERIA BIBEMUS DI SARTINI ALESSANDRO","VIALE I MAGGIO 4 - 61032 - FANO (PS)","Fano","Ps",,"Italia"
"AZIENDA AGRICOLA SIMBULEDDU DI ANTONIO BIANCO","VIA BOTTICELLI 8 - 07039 - VALLEDORIA (SS)","Valledoria","Sassari","Sardegna","Italia"
"IMMOBILIARE IL MATTONE - S.R.L.","VIA UNGHERIA 21 - 60027 - OSIMO (AN)","Osimo","Ancona","Marche","Italia"
"AL PANZEROTTO S.N.C. DI VOLZA DOMENICO E C.","STRADA CAIROLI 1 - 43121 - PARMA (PR)","Parma","Parma","Emilia-Romagna","Italia"
"GRACI VINCENZO","CONTRADA IMPISO SNC - 92024 - CANICATTI' (AG)","Canicatti'","Ag","Sicilia","Italia"
"K9-XAIRON DOG TRAINING A.S.D.","CONTRADA CASALI 181 - 65010 - NOCCIANO (PE)","Nocciano","Pescara","Abruzzo","Italia"
"PAONE ALESSANDRO","VIA SERVETTAZ 1/2 - 17100 - SAVONA (SV)","Savona","Savona","Liguria","Italia"
"PASTICCERIA FIORINI S.N.C.DI FIORINI CARLO & C","PIAZZA GIROLAMO TARTAGLIONE 19 - 00031 - ARTENA (RM)","Artena","Roma","Lazio","Italia"
"MURILLO FRANCESCO","VIA PITAGORA 71 - 66054 - VASTO (CH)","Vasto","Chieti","Abruzzo","Italia"
"VL VIAGGI DI PIEPOLI VALENTINA","VIALE BRIANZA 101 -  - VAREDO (MB)",,,,"Italia"
"TREMEA GIOVANNI","VIA COL DI SACH 18 - 32026 - BORGO VALBELLUNA (BL)","Borgo Valbelluna","Belluno","Veneto","Italia"
"ELETTRO SA.IE.T DI NAPOLI DANIELE","VIA TACCHINI 20 -  - NOVARA (NO)",,,,"Italia"
"LOCATELLI & FERRARI SRL","VIA FERRARIO 12 - 20835 - MUGGIO' (MB)","Muggio'","Mb","Lombardia","Italia"
"CENTRO INTIMO AFFARI DI DE MARCO UBALDO","VIALE LIGURIA 113 - 74121 - TARANTO (TA)","Taranto","Taranto","Puglia","Italia"
"DE CASADA DI CARRARO ANDREA","VIA IV NOVEMBRE 3 - 30030 - VIGONOVO (VE)","Vigonovo","Venezia","Veneto","Italia"
"CARPEDIEM DI CARRARO ANDREA","VIA MASIERI ALTI 444 -  - TRISSINO (VI)",,,,"Italia"
"GENERALI S.R.L.","LARGO AIA MATTONATA 5 - 66020 - PAGLIETA (CH)","Paglieta","Chieti","Abruzzo","Italia"
"MOMA ARREDAMENTI S.R.L.","VIA GIUSEPPE DI VITTORIO 263/A - 71043 - MANFREDONIA (FG)","Manfredonia","Foggia","Puglia","Italia"
"INDUSTRIA DOLCIARIA DI GIORGI ITALO & C.- SOCIETA' IN NOME COLLET TIVO","VIA MELOGROSSO - 04018 - SEZZE (LT)","Sezze","Lt","Lazio","Italia"
"GIORDANO FRANCO","VIA PALERMO C.DA S. ANDREA - 98121 - MESSINA (ME)","Messina","Messina","Sicilia","Italia"
"CORSA S.R.L. IN LIQUIDAZIONE","VIA LUIGI LEONARDO COLLI 24 - 10129 - TORINO (TO)","Torino","Torino","Piemonte","Italia"
"DI CARLO FEDERICO","VIA FELCIARE 3 -  - TORNIMPARTE (AQ)",,,,"Italia"
"ING. DOMENICO COSENTINO",,,,,"Italia"
"ASSOCIAZIONE SPORTIVA DILETTANTISTICA VILLAMAGNA CALCIO","CONTRADA PIANA SNC - 66010 - VILLAMAGNA (CH)","Villamagna","Chieti","Abruzzo","Italia"
"MANGIAPANE HSE ENGINEERING S.R.L.","LOCALITA' VEDOLE 67 - 43052 - COLORNO (PR)","Colorno","Parma","Emilia-Romagna","Italia"
"PASTICCERIA CAFFETTERIA CHANTILLY DI PORRU ALBERTO E PORRU ALESSIA SNC","VIA ROMA 95 - 09020 - VILLAMAR (SU)","Villamar","Su","Sardegna","Italia"
"DELLA PUTTA ANTONIO & C. S.N.C.","VIA IPPOLITO CAFFI 70 - 32100 - BELLUNO (BL)","Belluno","Belluno","Veneto","Italia"
"STUDIO TECNICO ASSOCIATO ARCHEGEO ARCHITETTO MARCO MANARESI GEOMETRA MIRCO LIVERANI","VIA SAN PIER GRISOLOGO 38 - 40026 - IMOLA (BO)","Imola","Bologna","Emilia-Romagna","Italia"
"IMMOBILIARE PIAZZA XX SETTEMBRE SRL","PIAZZA VENTI SETTEMBRE 6 - 21100 - VARESE (VA)","Varese","Varese","Lombardia","Italia"
"TECNOCONSULT S.R.L.","VIA RAMENGHI 11 - 48012 - BAGNACAVALLO (RA)","Bagnacavallo","Ravenna","Emilia-Romagna","Italia"
"FORNO A LEGNA ORVAMA DI ADELE DI CORI & C. - SOCIETA' IN ACCOMAND ITA SEMPLICE","CONTRADA MACERE 140 - 00031 - ARTENA (RM)","Artena","Roma","Lazio","Italia"
"ARREDAMENTI NIRVANA DI CARRARO ANDREA","VIA ANTONIO GRAMSCI 19 -  - MIRANO (VE)",,,,"Italia"
"META ARBEN","VIA DEI MILLE 13 - 54027 - PONTREMOLI (MS)","Pontremoli","Massa Carrara","Toscana","Italia"
"MANCINI VALTER","VIA MARCONI 4 - 86070 - MACCHIA D'ISERNIA (IS)","Macchia d'Isernia","Isernia","Molise","Italia"
"PRATOTENDE RO.MA DI IHLE SILVIA & C. S.A.S.","VIA MINO DA FIESOLE 28 - 59100 - PRATO (PO)","Prato","Prato","Toscana","Italia"
"PEZONE MARIA","VIA LABRIOLA 6 - 81030 - PARETE (CE)","Parete","Caserta","Campania","Italia"
"AZIENDA AGRICOLA LA RIVA DI FELETTO MAURO","VIA BORGO BIANCHI 5/BIS - 31020 - SAN POLO DI PIAVE (TV)","San Polo di Piave","Treviso","Veneto","Italia"
"LA NOSTRA BOLOGNA DI CURTI ANTONINO","PIAZZA RE ENZO 1/B - 40125 - BOLOGNA (BO)","Bologna","Bo","Emilia-romagna","Italia"
"FORNITI LORENZO","VIA DON ZENO SALTINI 230 - 41123 - MODENA (MO)","Modena","Mo","Emilia-romagna","Italia"
"ARMANDI MARIAROSA",,,,,"Italia"
"CARTA GIOVANNI BATTISTA",,,,,"Italia"
"G.F. CAR DI GERVASIO FRANCESCO","VIA DELLE GARDENIE 4 - 80029 - SANT'ANTIMO (NA)","Sant'Antimo","Napoli","Campania","Italia"
"MOLLICA  MARCELLO","VIALE TICA VICOLO A 7 - 96100 - SIRACUSA (SR)","Siracusa","Sr","Sicilia","Italia"
"DEAL.RE SRL","VIALE BIANCA MARIA 19 - 20122 - MILANO (MI)","Milano","Mi","Lombardia","Italia"
"GALLO SERENA","VIA SEMPIONE IS. 20C SN - 98121 - MESSINA (ME)","Messina","Me","Sicilia","Italia"
"J.B. CRAZY S.A.S. DI BARBERI MARCO","VIA LAGRANGE 15 - 10123 - TORINO (TO)","Torino","Torino","Piemonte","Italia"
"AGENZIA PUBBLICA DI AFFARI PER IL DISBRIGO DI PRATICHE AUTOMOBI- LISTICHE E AMMINISTRATIUE DI PETRECCA SANDRO","VIALE DEI PENTRI 65 - 86170 - ISERNIA (IS)","Isernia","Isernia","Molise","Italia"
"GRUPPO LA PERLA DI CLAPS DONATINA","VIA DEL SEMINARIO MAGGIORE 13 -  - POTENZA (PZ)",,,,"Italia"
"ROBOTRAINER S.R.L.","VIA SOMMACAMPAGNA 63/H - 37137 - VERONA (VR)","Verona","Verona","Veneto","Italia"
"LA MESA ANTONIO","VIA CATANIA 6 - 96014 - FLORIDIA (SR)","Floridia","Siracusa","Sicilia","Italia"
"DEDAX ITALY S.R.L. - IN LIQUIDAZIONE","VIALE CHARLES LENORMANT 236/240 - 00119 - ROMA (RM)","Roma","Roma","Lazio","Italia"
"BEVIVINO MARIANNA","VIA POSILLIPO 7 - 80123 - NAPOLI (NA)","Napoli","Na","Campania","Italia"
"DITTA GIACOMO GOATTIN & FIGLI - SOCIETA' IN NOME COLLETTIVO","VIA FORTE MARGHERA 10 - 30173 - VENEZIA (VE)","Venezia","Venezia","Veneto","Italia"
"F.LLI BORTOLOTTO SNC DI BORTOLOTTO FRANCESCO & C.","VIA CAVALLI 13 - 31023 - RESANA (TV)","Resana","Treviso","Veneto","Italia"
"RIVETTI STEFANO","VIA PADANA SUPERIORE 182/A - 25035 - OSPITALETTO (BS)","Ospitaletto","Brescia","Lombardia","Italia"
"PRO-GES TECHNOLOGY SOCIETA' A RESPONSABILITA' LIMITATA SEMPLIFICA","VIA CANAZZA 46 - 20025 - LEGNANO (MI)","Legnano","Milano","Lombardia","Italia"
"TS PLAST S.R.L.","VIA DELLE DARSENE SNC - 55049 - VIAREGGIO (LU)","Viareggio","Lucca","Toscana","Italia"
"VELLOTTI DOMENICO","CUPA OSPEDALE P.CO FLORA 18 - 80059 - TORRE DEL GRECO (NA)","Torre Del Greco","Na","Campania","Italia"
"MASA COSTRUZIONI S.R.L.","VIA TIBERIO GRACCO SNC - 84035 - POLLA (SA)","Polla","Salerno","Campania","Italia"
"POSITANO MICHELE","VIA MONTE GELBISON SNC - 84060 - NOVI VELIA (SA)","Novi Velia","Salerno","Campania","Italia"
"NOVA EDIL SPA","VIA MATTEOTTI 129/G - 13894 - GAGLIANICO (BI)","Gaglianico","Biella","Piemonte","Italia"
"FICARA SEBASTIANO","VIA DELLE ACACIE 10 - 96100 - SIRACUSA (SR)","Siracusa","Siracusa","Sicilia","Italia"
"AZIENDA AGRICOLA GIGANTE BUONO DI CRISTINA MARINO",,,,,"Italia"
"SOLARIUM & SOLARIUM - CENTRO ESTETICA DI ZIANTONA ILENE & C. - S.N.C.","VIA DELLE SEQUOIE 28/30 - 00172 - ROMA (RM)","Roma","Roma","Lazio","Italia"
"CIRELLA IMMACOLATA","VIA BREZZA 19 - 81050 - FRANCOLISE (CE)","Francolise","Caserta","Campania","Italia"
"AZIENDA VIGNE DI VERRE SOCIETA' A RESPONSABILITA' LIMITATA SEMPLI FICATA","CONTRADA CINQUANTA SNC - 92013 - MENFI (AG)","Menfi","Agrigento","Sicilia","Italia"
"ARGENTO SALVATORE","VIA PIER SANTI MATTARELLA 104 - 92026 - FAVARA (AG)","Favara","Agrigento","Sicilia","Italia"
"DIELLE BUILDING DI BOTTI LIBERIO","VIA TORRICELLI 8 - 20080 - OZZERO (MI)","Ozzero","Milano","Lombardia","Italia"
"GIORDANO GIOVANNI","CONTRADA FRATTOMASO 16 - 85034 - FRANCAVILLA IN SINNI (PZ)","Francavilla in Sinni","Potenza","Basilicata","Italia"
"PASTA ALL'UOVO DI ORSINI LILIANA","VIA SARAGAT - 67100 - L'AQUILA (AQ)","L'Aquila","L'Aquila","Abruzzo","Italia"
"MARTINI MARCO","VIA C. ABBAZIA 15 -  - ARTENA (RM)",,,,"Italia"
"JEK E GIOVANNI SAS DI NAPOLITANO G. E C.","VIA CASTELLANA 177 - 31044 - MONTEBELLUNA (TV)","Montebelluna","Treviso","Veneto","Italia"
"FTS S.R.L.","VIA PAOLO DELLA CELLA 29/4 - 16135 - GENOVA (GE)","Genova","Genova","Liguria","Italia"
"EGO ESTETICA E BENESSERE DI MOCCIA MARIA ALBERTA","VIALE GIOTTO 26 - 71121 - FOGGIA (FG)","Foggia","Foggia","Puglia","Italia"
"L'ENOTECA DI MONFORTE DI AIASSA SILVIA","VIA GIUSEPPE GARIBALDI 9 - 12065 - MONFORTE D'ALBA (CN)","Monforte d'Alba","Cuneo","Piemonte","Italia"
"MARGARIT ILEANA","VIA MAGENTA - 87062 - CARIATI (CS)","Cariati","Cosenza","Calabria","Italia"
"IMBIANCATURA & VERNICIATURA DI ROBERTO MORENO","VIA DELLA NOVELLA 30 - 21017 - SAMARATE (VA)","Samarate","Varese","Lombardia","Italia"
"FARMACIA ERIDANIA S.N.C DELLE DOTT.SSE MARIA TERESA VISENTINI ED ANNA BIMBATTI","VIA ERIDANIA 56/B - 45030 - OCCHIOBELLO (RO)","Occhiobello","Rovigo","Veneto","Italia"
"TECNO-ALMI",,,,,"Italia"
"FONTECH DI MARENDUZZO MARIA CRISTINA","VIA CAVOUR 22 -  - SAN PIETRO IN GU (PD)",,,,"Italia"
"FARMACIA EREDI CERVIGNI DOTT. PIERO DI CERVIGNI UGO","VIA UMBERTO I 435 - 63821 - PORTO SANT'ELPIDIO (FM)","Porto Sant'Elpidio","Fermo","Marche","Italia"
"AUTOCARROZZERIA F.LLI LINTAS S.R.L.","VIA ALVISE CADAMOSTO 11 - 07100 - SASSARI (SS)","Sassari","Sassari","Sardegna","Italia"
"MIKE DI CARDILLO PICCOLINO GRAZIANO & C. S.A.S.","VIA TUNES 47 - 39049 - VIPITENO (BZ)","Vipiteno/Sterzing","Bolzano","Trentino-Alto Adige","Italia"
"SHENZHEN GELIAN MAOYI YOUXIAN GONGSI","VIA PADOVA 11 - 87046 - MONTALTO UFFUGO (CS)","Montalto Uffugo","Cosenza","Calabria","Italia"
"SARDEGNA NAVIGAZIONE FLOTTA SARDA - S.P.A.","VIA PORTO ROMANO (CENTRO MANNAZZU) - 07026 - OLBIA (SS)","Olbia","Sassari","Sardegna","Italia"
"MIRON ADRIAN","VIA DE VINCENTIS 17 - 67030 - CAMPO DI GIOVE (AQ)","Campo di Giove","L'Aquila","Abruzzo","Italia"
"LEREDE ANDREA","PIAZZA DON GIOVANNI MINZONI 28 - 28921 - VERBANIA (VB)","Verbania","Verbano-Cusio-Ossola","Piemonte","Italia"
"ALL'OMBRA DELLA ROCCA DI PAPPALARDO ANGELA","VIA I MAGGIO 6 - 00068 - RIGNANO FLAMINIO (RM)","Rignano Flaminio","Roma","Lazio","Italia"
"LIM S.R.L.","PIAZZA FERNANDO DE LUCIA 37 - 00139 - ROMA (RM)","Roma","Rm","Lazio","Italia"
"CAMPOPIANO DR. PIERINO","VIA S.S. VENAFRANA -  - SESTO CAMPANO (IS)",,,,"Italia"
"MANESI PAOLO","BALUARDO PARTIGIANI 11 - 28100 - NOVARA (NO)","Novara","No","Piemonte","Italia"
"RAMAZZOTTI PACIFICO","VIALE MADONNA DELLA FIGURA 6 - 62021 - APIRO (MC)","Apiro","Macerata","Marche","Italia"
"E.C. EURO CANTIERI S.R.L.","VIA DEALULUI 26 -  - DUDESTII NOI - TIMIS ()",,,,"Italia"
"FARMACIA GALENICA DEL DR. PAOLO CATALANO","VIA REGGIO MODENA 39 - 89133 - REGGIO CALABRIA (RC)","Reggio Calabria","Reggio Calabria","Calabria","Italia"
"TUI DI LUCIA FERRARI S.N.C.","VIA MARCONI . - 16011 - ARENZANO (GE)","Arenzano","Genova","Liguria","Italia"
"RIMAC RENTING DI VIANELLI CRISTIAN","VIA CADUTI SUL LAVORO 12 - 25033 - COLOGNE (BS)","Cologne","Brescia","Lombardia","Italia"